protocol	sys_id	name	n_params	cand_idx	cand_label	rank_before	rank_after	max_rank_over_candidates	is_max_rank	cond_after	score_RANK	score_DOPT	score_AOPT	score_VOI	score_DISAGREE	disagree_valid_rollouts	m2_mean	m2_seed262	m2_seed263	m2_seed264	m2_seed265	m2_seed266	m2_n_failed	m2_fail_reasons	round0_status	certificate_triage
T1	1	RC-circuit	3	0	IC-1 (ODEBench held-out IC)	2	2	2	True	inf	2.07692	14.3532	5972.35	1.78835	0.0867963	8	0.00691241	0.0215397	0.00109943	0.00515281	0.00570752	0.00106263	0		structurally_non_identifiable	change_class
T1	1	RC-circuit	3	1	box IC 0	2	2	2	True	inf	2.07692	12.7988	5972.35	1.01168	0.0172206	8	0.027839	0.0706287	0.00763453	0.0237216	0.0284432	0.00876703	0		structurally_non_identifiable	change_class
T1	1	RC-circuit	3	2	box IC 1	2	2	2	True	inf	2.07692	14.4385	5972.35	1.831	0.0990441	8	0.00653464	0.0199418	0.001245	0.00514551	0.00528571	0.00105513	0		structurally_non_identifiable	change_class
T1	1	RC-circuit	3	3	box IC 2	2	2	2	True	inf	2.07692	15.0909	5972.35	2.15716	0.720825	8	0.00393548	0.0102343	0.00195407	0.00372197	0.0031969	0.000570148	0		structurally_non_identifiable	change_class
T1	1	RC-circuit	3	4	box IC 3	2	2	2	True	inf	2.07692	15.1502	5972.35	2.1868	1.12074	8	0.00372873	0.00953779	0.00199197	0.00352257	0.00308109	0.000510257	0		structurally_non_identifiable	change_class
T1	1	RC-circuit	3	5	box IC 4	2	2	2	True	inf	2.07692	12.1428	5972.36	0.684512	0.00959591	8	0.0608126	0.0692691	0.022049	0.110181	0.0616061	0.0409575	0		structurally_non_identifiable	change_class
T1	1	RC-circuit	3	6	box IC 5	2	2	2	True	inf	2.07692	12.4143	5972.35	0.820066	0.010701	8	0.0499206	0.0161172	0.0184932	0.118135	0.0526077	0.0442498	0		structurally_non_identifiable	change_class
T1	1	RC-circuit	3	7	box IC 6	2	2	2	True	inf	2.07692	12.9658	5972.35	1.09505	0.0199694	8	0.0228358	0.063445	0.00575255	0.0153953	0.0237108	0.00587517	0		structurally_non_identifiable	change_class
T1	1	RC-circuit	3	8	box IC 7	2	2	2	True	inf	2.07692	12.3289	5972.35	0.777214	0.0114462	8	0.0481802	0.0875117	0.0157944	0.0657251	0.0479692	0.0239007	0		structurally_non_identifiable	change_class
T1	1	RC-circuit	3	9	box IC 8	2	2	2	True	inf	2.07692	13.3009	5972.35	1.26245	0.0270514	8	0.0152474	0.0501978	0.002964	0.00443006	0.0165169	0.00212803	0		structurally_non_identifiable	change_class
T1	1	RC-circuit	3	10	box IC 9	2	2	2	True	inf	2.07692	12.5244	5972.35	0.875021	0.0111962	8	0.0457274	0.00694277	0.0167721	0.11384	0.0485063	0.0425762	0		structurally_non_identifiable	change_class
T1	2	Population growth naive	1	0	IC-1 (ODEBench held-out IC)	1	1	1	True	1	2	14.1008	7.51761e-07	0.0162951	0.00407289	8	0.000899204	0.00112544	0.000400075	0.00133479	0.00113004	0.000505678	0		identifiable	capability
T1	2	Population growth naive	1	1	box IC 0	1	1	1	True	1	2	17.8858	1.70718e-08	1.90879	0.00407289	8	7.1268e-05	0.000200437	1.84003e-05	4.9924e-06	9.52218e-05	3.72882e-05	0		identifiable	capability
T1	2	Population growth naive	1	2	box IC 1	1	1	1	True	1	2	16.2711	8.5816e-08	1.1014	0.00407289	8	0.000159142	0.000336378	6.48321e-05	7.98005e-05	0.000272102	4.25987e-05	0		identifiable	capability
T1	2	Population growth naive	1	3	box IC 2	1	1	1	True	1	2	14.2517	6.46524e-07	0.0916991	0.00407289	8	0.000701502	0.000616673	0.000358558	0.00109319	0.00108004	0.000359048	0		identifiable	capability
T1	2	Population growth naive	1	4	box IC 3	1	1	1	True	1	2	14.105	7.48646e-07	0.0183713	0.00407289	8	0.000891907	0.00110332	0.000399137	0.00132654	0.00113073	0.000499811	0		identifiable	capability
T1	2	Population growth naive	1	5	box IC 4	1	1	1	True	1	2	18.3647	1.05761e-08	2.1482	0.00407289	8	5.78216e-05	0.000163889	1.30342e-05	9.30024e-06	7.12135e-05	3.16715e-05	0		identifiable	capability
T1	2	Population growth naive	1	6	box IC 5	1	1	1	True	1	2	18.5921	8.42438e-09	2.26194	0.00407289	8	5.22022e-05	0.000148396	1.11178e-05	1.01981e-05	6.22186e-05	2.90802e-05	0		identifiable	capability
T1	2	Population growth naive	1	7	box IC 6	1	1	1	True	1	2	17.7908	1.87733e-08	1.86129	0.00407289	8	7.41965e-05	0.000208288	1.97325e-05	3.59471e-06	0.00010098	3.83876e-05	0		identifiable	capability
T1	2	Population growth naive	1	8	box IC 7	1	1	1	True	1	2	18.1511	1.30941e-08	2.04142	0.00407289	8	6.3544e-05	0.000179543	1.51768e-05	7.86166e-06	8.09774e-05	3.41611e-05	0		identifiable	capability
T1	2	Population growth naive	1	9	box IC 8	1	1	1	True	1	2	17.5781	2.32225e-08	1.75494	0.00407289	8	8.12208e-05	0.000226484	2.31249e-05	4.24591e-07	0.00011532	4.07504e-05	0		identifiable	capability
T1	2	Population growth naive	1	10	box IC 9	1	1	1	True	1	2	18.6398	8.032e-09	2.28579	0.00407289	8	5.10849e-05	0.000145302	1.07573e-05	1.03198e-05	6.04957e-05	2.85497e-05	0		identifiable	capability
T1	3	Population growth carrying capacity	2	0	IC-1 (ODEBench held-out IC)	2	2	2	True	5.57796	2.57258	28.4181	3.88415e-06	3.29195	0.0892732	8	0.00127347	0.00344693	0.000304299	0.000807948	0.000730195	0.00107799	0		identifiable	capability
T1	3	Population growth carrying capacity	2	1	box IC 0	2	2	2	True	3.42001	2.65188	31.1046	6.53688e-07	4.6352	0.202165	8	0.000567165	0.00113069	0.000124448	0.000825639	0.000390179	0.000364872	0		identifiable	capability
T1	3	Population growth carrying capacity	2	2	box IC 1	2	2	2	True	5.36444	2.57819	28.5351	3.53218e-06	3.35044	0.0927461	8	0.00121875	0.00327057	0.000288294	0.000808306	0.000704195	0.0010224	0		identifiable	capability
T1	3	Population growth carrying capacity	2	3	box IC 2	2	2	2	True	21.2422	2.4297	23.4317	0.000173794	0.798817	0.0390175	8	0.0111086	0.0104804	0.00504019	0.0222377	0.00983137	0.00795328	0		identifiable	capability
T1	3	Population growth carrying capacity	2	4	box IC 3	2	2	2	True	23.4746	2.42183	22.8287	0.000259532	0.497381	0.0577877	8	0.0117773	0.0079468	0.00608523	0.0220874	0.0123883	0.010379	0		identifiable	capability
T1	3	Population growth carrying capacity	2	5	box IC 4	2	2	2	True	4.01115	2.62373	31.6638	5.67211e-07	4.9148	0.234982	8	0.000551268	0.000926484	9.61995e-05	0.000970423	0.000407956	0.000355277	0		identifiable	capability
T1	3	Population growth carrying capacity	2	6	box IC 5	2	2	2	True	4.44113	2.60698	31.929	5.44095e-07	5.0474	0.250162	8	0.000550164	0.000823814	8.36186e-05	0.00105003	0.000423822	0.000369533	0		identifiable	capability
T1	3	Population growth carrying capacity	2	7	box IC 6	2	2	2	True	3.35871	2.65523	30.9882	6.82442e-07	4.57697	0.195581	8	0.000575407	0.00117745	0.000129744	0.000805326	0.00039085	0.000373662	0		identifiable	capability
T1	3	Population growth carrying capacity	2	8	box IC 7	2	2	2	True	3.69108	2.6381	31.418	5.9646e-07	4.79189	0.220449	8	0.000554198	0.00101481	0.000108941	0.000898419	0.000396239	0.000352588	0		identifiable	capability
T1	3	Population growth carrying capacity	2	9	box IC 8	2	2	2	True	3.29203	2.65899	30.7163	7.68821e-07	4.44106	0.180823	8	0.000602405	0.00129864	0.000141206	0.000771389	0.000398493	0.0004023	0		identifiable	capability
T1	3	Population growth carrying capacity	2	10	box IC 9	2	2	2	True	4.54134	2.60343	31.9861	5.39569e-07	5.07595	0.253293	8	0.00054955	0.000800021	8.1227e-05	0.00106558	0.000427135	0.000373783	0		identifiable	capability
T1	4	RC-circuit non-linear resistor	2	0	IC-1 (ODEBench held-out IC)	2	2	2	True	2.42003	2.72264	30.2968	7.47166e-07	3.57282	0.419758	8	0.000501196	0.00109616	0.000236695	0.000618137	0.000213836	0.000341151	0		identifiable	capability
T1	4	RC-circuit non-linear resistor	2	1	box IC 0	2	2	2	True	5.8443	2.56602	29.479	2.38775e-06	3.16391	0.0146153	8	0.00114452	0.00236782	0.00062265	0.00171238	0.000241711	0.000778071	0		identifiable	capability
T1	4	RC-circuit non-linear resistor	2	2	box IC 1	2	2	2	True	15.9142	2.45418	28.1521	1.23122e-05	2.5005	0.0175176	8	0.00256042	0.00624011	0.0018827	0.00251843	0.000494531	0.00166634	0		identifiable	capability
T1	4	RC-circuit non-linear resistor	2	3	box IC 2	2	2	2	True	3.0868	2.67136	29.9798	1.05395e-06	3.41433	0.346202	8	0.000643482	0.00140774	0.000311253	0.000829737	0.000208175	0.000460509	0		identifiable	capability
T1	4	RC-circuit non-linear resistor	2	4	box IC 3	2	2	2	True	2.58921	2.70763	30.2075	8.20491e-07	3.52817	0.464982	8	0.0005378	0.00118099	0.000255803	0.000670837	0.00020892	0.000372449	0		identifiable	capability
T1	4	RC-circuit non-linear resistor	2	5	box IC 4	2	2	2	True	6.26957	2.55641	28.7688	3.6399e-06	2.80881	0.0080539	8	0.00124086	0.0027381	0.000593201	0.00184736	0.00020566	0.000819973	0		identifiable	capability
T1	4	RC-circuit non-linear resistor	2	6	box IC 5	2	2	2	True	7.3095	2.53651	28.2633	5.42797e-06	2.55609	0.00557396	8	0.00140521	0.00319703	0.000607122	0.00198279	0.000364371	0.00087474	0		identifiable	capability
T1	4	RC-circuit non-linear resistor	2	7	box IC 6	2	2	2	True	5.9379	2.56381	29.5651	2.32168e-06	3.20696	0.0160067	8	0.00114768	0.00235493	0.000635746	0.00170536	0.000262147	0.000780235	0		identifiable	capability
T1	4	RC-circuit non-linear resistor	2	8	box IC 7	2	2	2	True	5.85748	2.5657	29.1433	2.83009e-06	2.99608	0.0108146	8	0.00116865	0.00249903	0.000598407	0.00176458	0.000191427	0.000789817	0		identifiable	capability
T1	4	RC-circuit non-linear resistor	2	9	box IC 8	2	2	2	True	6.29308	2.55591	29.6934	2.30067e-06	3.27112	0.0190086	8	0.00117383	0.00238237	0.000674144	0.00170983	0.000305758	0.00079707	0		identifiable	capability
T1	4	RC-circuit non-linear resistor	2	10	box IC 9	2	2	2	True	7.63517	2.53112	28.143	6.01228e-06	2.4959	0.00512194	8	0.00145469	0.00333149	0.000613676	0.00201741	0.000421733	0.000889143	0		identifiable	capability
T1	5	Velocity falling object	2	0	IC-1 (ODEBench held-out IC)	2	2	2	True	2.38237	2.72621	28.8527	1.52128e-06	5.20826	0.283616	8	0.000849931	0.00196322	0.00107267	0.00105751	0.000152436	3.82826e-06	0		identifiable	capability
T1	5	Velocity falling object	2	1	box IC 0	2	2	2	True	3.65846	2.63967	27.6435	3.90725e-06	4.60371	0.212361	8	0.0014271	0.0034299	0.00185982	0.00163645	0.00019894	1.04027e-05	0		identifiable	capability
T1	5	Velocity falling object	2	2	box IC 1	2	2	2	True	14.6411	2.46177	24.807	6.03703e-05	3.18546	0.101769	8	0.00523196	0.0150798	0.00683724	0.00378623	0.00026683	0.000189708	0		identifiable	capability
T1	5	Velocity falling object	2	3	box IC 2	2	2	2	True	128.512	2.32165	20.5158	0.0045083	1.0421	0.0245518	8	0.0567216	0.115434	0.00476989	0.111448	0.0516088	0.000347409	0		identifiable	capability
T1	5	Velocity falling object	2	4	box IC 3	2	2	2	True	169.512	2.30967	19.9691	0.00781605	0.770357	0.0185386	8	0.0912053	0.115752	0.0247844	0.221521	0.0892791	0.0046897	0		identifiable	capability
T1	5	Velocity falling object	2	5	box IC 4	2	2	2	True	2.6533	2.70235	28.4663	1.99568e-06	5.01509	0.258925	8	0.000995527	0.00232012	0.0012742	0.00121101	0.000167811	4.49125e-06	0		identifiable	capability
T1	5	Velocity falling object	2	6	box IC 5	2	2	2	True	2.38187	2.72626	28.8536	1.52035e-06	5.20873	0.283678	8	0.000849615	0.00196245	0.00107223	0.00105717	0.000152399	3.82763e-06	0		identifiable	capability
T1	5	Velocity falling object	2	7	box IC 6	2	2	2	True	3.9359	2.62694	27.4793	4.5203e-06	4.52156	0.203974	8	0.00153722	0.00372315	0.0020077	0.00173849	0.000204073	1.2699e-05	0		identifiable	capability
T1	5	Velocity falling object	2	8	box IC 7	2	2	2	True	3.02553	2.67531	28.1005	2.65388e-06	4.83219	0.237251	8	0.00116479	0.00274714	0.0015054	0.00138292	0.000182299	6.16414e-06	0		identifiable	capability
T1	5	Velocity falling object	2	9	box IC 8	2	2	2	True	4.66722	2.59914	27.1103	6.33312e-06	4.3371	0.186163	8	0.00181929	0.00449034	0.00238501	0.00198862	0.000212687	1.97734e-05	0		identifiable	capability
T1	5	Velocity falling object	2	10	box IC 9	2	2	2	True	2.34102	2.73024	28.9345	1.44262e-06	5.24917	0.28909	8	0.000822976	0.00189838	0.00103498	0.00102849	0.000149232	3.79686e-06	0		identifiable	capability
T1	6	Autocatalysis	2	0	IC-1 (ODEBench held-out IC)	2	2	2	True	6.0462	2.56133	32.9893	4.26245e-07	4.21576	0.151195	8	0.000432885	0.000943525	0.000402213	0.000521506	0.000166844	0.000130336	0		identifiable	capability
T1	6	Autocatalysis	2	1	box IC 0	2	2	2	True	6.14369	2.55915	33.0958	4.10329e-07	4.26897	0.158359	8	0.000456129	0.00090006	0.000438994	0.00062395	0.000205255	0.000112388	0		identifiable	capability
T1	6	Autocatalysis	2	2	box IC 1	2	2	2	True	6.27538	2.55628	32.1977	6.55967e-07	3.81995	0.116899	8	0.000424792	0.00122121	0.000241117	8.20116e-05	0.00012078	0.000458842	0		identifiable	capability
T1	6	Autocatalysis	2	3	box IC 2	2	2	2	True	27.9118	2.40887	26.9088	4.01034e-05	1.17549	0.0259567	8	0.00547461	0.00896903	0.000998124	0.00888584	0.00186803	0.006652	0		identifiable	capability
T1	6	Autocatalysis	2	4	box IC 3	2	2	2	True	32.629	2.39784	25.5373	9.30384e-05	0.489775	0.0166762	8	0.0072805	0.00186271	0.00714258	0.0201438	0.00437005	0.0028833	0		identifiable	capability
T1	6	Autocatalysis	2	5	box IC 4	2	2	2	True	6.361	2.55447	33.3038	3.82208e-07	4.37299	0.173202	8	0.000495236	0.000784737	0.000481334	0.000799793	0.000286464	0.000123852	0		identifiable	capability
T1	6	Autocatalysis	2	6	box IC 5	2	2	2	True	6.44822	2.55266	33.4194	3.65448e-07	4.4308	0.180612	8	0.000501058	0.000704544	0.000475272	0.00085525	0.000319223	0.000151	0		identifiable	capability
T1	6	Autocatalysis	2	7	box IC 6	2	2	2	True	6.10439	2.56002	33.0563	4.1597e-07	4.24923	0.155621	8	0.000447181	0.00091717	0.000425756	0.000585551	0.000190131	0.000117299	0		identifiable	capability
T1	6	Autocatalysis	2	8	box IC 7	2	2	2	True	6.26395	2.55653	33.2075	3.95247e-07	4.32482	0.166386	8	0.000480328	0.000843578	0.00046924	0.000727457	0.000250373	0.00011099	0		identifiable	capability
T1	6	Autocatalysis	2	9	box IC 8	2	2	2	True	6.02918	2.56172	32.9663	4.30029e-07	4.20425	0.149745	8	0.000428394	0.000951971	0.000394088	0.000500218	0.000159667	0.000136025	0		identifiable	capability
T1	6	Autocatalysis	2	10	box IC 9	2	2	2	True	6.46271	2.55236	33.446	3.61388e-07	4.44411	0.182153	8	0.000500408	0.000685166	0.000470908	0.000862955	0.000324755	0.000158255	0		identifiable	capability
T1	7	Gompertz law tumor growth	2	0	IC-1 (ODEBench held-out IC)	2	2	2	True	36.3769	2.3905	31.0717	6.51641e-06	6.6754	0.121978	8	0.00212975	0.00325587	0.00158248	0.00300062	0.00132966	0.00148011	0		identifiable	capability
T1	7	Gompertz law tumor growth	2	1	box IC 0	2	2	2	True	36.7282	2.38986	31.1027	6.47837e-06	6.69085	0.122726	8	0.00212267	0.00324462	0.00157793	0.00298864	0.00132697	0.0014752	0		identifiable	capability
T1	7	Gompertz law tumor growth	2	2	box IC 1	2	2	2	True	18.5198	2.44099	27.9908	1.55156e-05	5.13495	0.0569651	8	0.00339477	0.00559041	0.00244977	0.00484058	0.0017327	0.00236039	0		identifiable	capability
T1	7	Gompertz law tumor growth	2	3	box IC 2	2	2	2	True	8.62649	2.51657	24.4066	4.38332e-05	3.34285	0.0748582	8	0.00355635	0.0080685	0.00174455	0.0046641	0.0007427	0.00256189	0		identifiable	capability
T1	7	Gompertz law tumor growth	2	4	box IC 3	2	2	2	True	9.54005	2.50517	24.1061	5.61976e-05	3.19261	0.126641	8	0.00328569	0.00778972	0.00122399	0.00372412	0.00148649	0.00220414	0		identifiable	capability
T1	7	Gompertz law tumor growth	2	5	box IC 4	2	2	2	True	47.1918	2.37399	31.8715	5.66571e-06	7.07527	0.14183	8	0.00196495	0.00300593	0.00147928	0.00270786	0.00126576	0.00136594	0		identifiable	capability
T1	7	Gompertz law tumor growth	2	6	box IC 5	2	2	2	True	53.2932	2.36675	32.2246	5.36207e-06	7.25184	0.150905	8	0.00190221	0.00291896	0.00144194	0.00258663	0.00124088	0.00132267	0		identifiable	capability
T1	7	Gompertz law tumor growth	2	7	box IC 6	2	2	2	True	34.9867	2.3931	30.9451	6.67745e-06	6.61208	0.118931	8	0.00215944	0.00330352	0.00160165	0.0030504	0.00134088	0.00150074	0		identifiable	capability
T1	7	Gompertz law tumor growth	2	8	box IC 7	2	2	2	True	42.1558	2.38097	31.5333	5.99418e-06	6.90618	0.133311	8	0.00203031	0.00310175	0.00151945	0.0028278	0.0012914	0.00141113	0		identifiable	capability
T1	7	Gompertz law tumor growth	2	9	box IC 8	2	2	2	True	31.4409	2.4004	30.5852	7.18537e-06	6.43211	0.110425	8	0.00225043	0.00345343	0.00166118	0.00319888	0.0013747	0.00156399	0		identifiable	capability
T1	7	Gompertz law tumor growth	2	10	box IC 9	2	2	2	True	54.6774	2.36526	32.2979	5.30347e-06	7.28846	0.152808	8	0.0018898	0.00290243	0.00143472	0.00256184	0.00123593	0.0013141	0		identifiable	capability
T1	8	Logistic equation Allee effect	3	0	IC-1 (ODEBench held-out IC)	3	3	3	True	1990.18	3.23262	30.3492	0.254444	3.39601	0.0915461	8	61.0008	0.301434	0.18659	303.32	0.928816	0.267435	0		identifiable	capability
T1	8	Logistic equation Allee effect	3	1	box IC 0	3	3	3	True	227.073	3.29796	64.2333	3.09178e-07	20.2248	20.7201	8	0.00037597	0.00046373	0.000135559	0.000731376	0.000302406	0.000246781	0		identifiable	capability
T1	8	Logistic equation Allee effect	3	2	box IC 1	3	3	3	True	206.172	3.30173	63.5794	2.72197e-07	19.8979	14.4915	8	0.000205334	0.000382499	0.000332176	0.000247499	2.76308e-05	3.68669e-05	0		identifiable	capability
T1	8	Logistic equation Allee effect	3	3	box IC 2	3	3	3	True	26384.4	3.18446	23.2392	24.283	1.34216	0.0783948	8	15.1249	0.545986	0.593912	0.218661	73.8134	0.452689	0		identifiable	capability
T1	8	Logistic equation Allee effect	3	4	box IC 3	3	3	3	True	2139.13	3.23093	30.3583	0.29273	3.41559	0.0797841	8	65.1275	0.32014	0.200856	323.692	1.12718	0.297449	0		identifiable	capability
T1	8	Logistic equation Allee effect	3	5	box IC 4	3	3	3	True	258.563	3.29303	62.5753	3.12611e-07	19.3958	23.4621	8	0.000392587	0.000471178	0.000187276	0.00065738	0.000299651	0.000347448	0		identifiable	capability
T1	8	Logistic equation Allee effect	3	6	box IC 5	3	3	3	True	324.961	3.28475	58.7394	4.31021e-07	17.4779	23.982	8	0.00040943	0.000272839	0.000275653	0.000521373	0.000335035	0.00064225	0		identifiable	capability
T1	8	Logistic equation Allee effect	3	7	box IC 6	3	3	3	True	222.291	3.29878	64.409	3.06426e-07	20.3127	20.1341	8	0.000363253	0.000446618	0.000132599	0.000729262	0.000292414	0.000215372	0		identifiable	capability
T1	8	Logistic equation Allee effect	3	8	box IC 7	3	3	3	True	242.268	3.29548	63.5617	3.12218e-07	19.889	22.384	8	0.000392407	0.00048377	0.000160618	0.00069999	0.000307692	0.000309965	0		identifiable	capability
T1	8	Logistic equation Allee effect	3	9	box IC 8	3	3	3	True	212.168	3.3006	64.7336	2.96334e-07	20.475	18.9501	8	0.000321644	0.000393281	0.000142733	0.000689432	0.000253743	0.000129028	0		identifiable	capability
T1	8	Logistic equation Allee effect	3	10	box IC 9	3	3	3	True	512.135	3.26959	57.0179	1.02583e-06	16.6172	23.9913	8	0.000605366	0.00122249	0.000104669	0.000948428	0.000150279	0.000600959	0		identifiable	capability
T1	9	Language death model	2	0	IC-1 (ODEBench held-out IC)	2	2	2	True	3.47116	2.64915	26.7143	5.94503e-06	1.67052	0.0242349	8	0.00148345	0.00418274	0.000948312	0.00127027	0.000932833	8.31192e-05	0		identifiable	capability
T1	9	Language death model	2	1	box IC 0	2	2	2	True	2.78288	2.69228	27.0795	4.14003e-06	1.85309	0.0255544	8	0.00122271	0.00330931	0.000818018	0.0013417	0.000610169	3.43708e-05	0		identifiable	capability
T1	9	Language death model	2	2	box IC 1	2	2	2	True	9.17997	2.50947	25.083	3.32086e-05	0.854886	0.0165216	8	0.00527422	0.0111154	0.00106748	0.00549221	0.00584672	0.00284929	0		identifiable	capability
T1	9	Language death model	2	3	box IC 2	2	2	2	True	9.85381	2.5016	25.2701	3.24136e-05	0.948401	0.0165018	8	0.00538238	0.000982834	0.00169055	0.0141858	0.0057237	0.00432903	0		identifiable	capability
T1	9	Language death model	2	4	box IC 3	2	2	2	True	9.26699	2.5084	25.4316	2.81559e-05	1.02915	0.0178422	8	0.00473862	0.000188309	0.00167033	0.0130055	0.00495102	0.00387792	0		identifiable	capability
T1	9	Language death model	2	5	box IC 4	2	2	2	True	1.94328	2.77608	27.6745	2.40507e-06	2.15058	0.0273703	8	0.000915182	0.00229162	0.000630044	0.00123427	0.0003027	0.000117275	0		identifiable	capability
T1	9	Language death model	2	6	box IC 5	2	2	2	True	1.65583	2.82033	27.949	1.92761e-06	2.28783	0.0280893	8	0.000801798	0.00195745	0.000555548	0.00114598	0.000219577	0.000130436	0		identifiable	capability
T1	9	Language death model	2	7	box IC 6	2	2	2	True	2.99437	2.67737	26.9587	4.65832e-06	1.79268	0.0251329	8	0.00129516	0.0035746	0.000860179	0.00133499	0.000702668	3.38277e-06	0		identifiable	capability
T1	9	Language death model	2	8	box IC 7	2	2	2	True	2.27496	2.73693	27.412	3.02867e-06	2.01935	0.026624	8	0.00104047	0.00268612	0.00070861	0.00130257	0.000412617	9.24328e-05	0		identifiable	capability
T1	9	Language death model	2	9	box IC 8	2	2	2	True	3.53277	2.64595	26.6852	6.12318e-06	1.65594	0.0241224	8	0.00150773	0.00426221	0.00095901	0.00125688	0.000964742	9.5805e-05	0		identifiable	capability
T1	9	Language death model	2	10	box IC 9	2	2	2	True	1.60371	2.82979	28.0059	1.84658e-06	2.3163	0.0282316	8	0.00078051	0.00189718	0.000541073	0.00112669	0.000205625	0.00013199	0		identifiable	capability
T1	10	Refined language death model	2	0	IC-1 (ODEBench held-out IC)	2	2	2	True	3.91773	2.62773	29.8626	1.3673e-06	3.08778	0.084327	8	0.000617982	0.00131084	0.000242241	0.000861773	0.000333923	0.000341133	0		identifiable	capability
T1	10	Refined language death model	2	1	box IC 0	2	2	2	True	8.4395	2.51913	29.3161	3.68517e-06	2.81453	0.0323118	8	0.00133673	0.00327131	0.000987676	0.00125891	0.000270995	0.000894759	0		identifiable	capability
T1	10	Refined language death model	2	2	box IC 1	2	2	2	True	4.35509	2.61013	29.6101	1.70433e-06	2.96154	0.0944717	8	0.000632101	0.00126616	0.00019491	0.00092762	0.000434988	0.000336828	0		identifiable	capability
T1	10	Refined language death model	2	3	box IC 2	2	2	2	True	22.4756	2.42522	26.3221	4.33315e-05	1.31753	0.117367	8	0.00277343	0.00542724	0.000445897	0.00317935	0.0037903	0.00102437	0		identifiable	capability
T1	10	Refined language death model	2	4	box IC 3	2	2	2	True	48.0412	2.37291	24.8015	0.000197803	0.557305	0.115899	8	0.0065957	0.0148155	0.00260746	0.00177198	0.0126521	0.00113148	0		identifiable	capability
T1	10	Refined language death model	2	5	box IC 4	2	2	2	True	65.9967	2.35467	25.5927	0.000182913	0.952901	0.0034488	8	0.0120354	0.0263391	0.00898097	0.0187578	0.00576769	0.000331428	0		identifiable	capability
T1	10	Refined language death model	2	6	box IC 5	2	2	2	True	27.6651	2.40951	26.7321	4.342e-05	1.52256	0.00513028	8	0.00542136	0.00751543	0.00193179	0.00978466	0.00327898	0.00459594	0		identifiable	capability
T1	10	Refined language death model	2	7	box IC 6	2	2	2	True	7.07704	2.54058	29.5296	2.79361e-06	2.92127	0.0379888	8	0.00114942	0.00277832	0.000814364	0.00116827	0.000224843	0.000761308	0		identifiable	capability
T1	10	Refined language death model	2	8	box IC 7	2	2	2	True	17.7402	2.44465	28.1712	1.35842e-05	2.24209	0.0156584	8	0.00247373	0.00679422	0.00219104	0.00130257	0.000421771	0.00165906	0		identifiable	capability
T1	10	Refined language death model	2	9	box IC 8	2	2	2	True	5.29453	2.5801	29.8218	1.83372e-06	3.06736	0.0497391	8	0.000892002	0.00211609	0.000575209	0.00101664	0.000179964	0.000572106	0		identifiable	capability
T1	10	Refined language death model	2	10	box IC 9	2	2	2	True	24.155	2.41964	26.7466	3.76536e-05	1.52978	0.00516263	8	0.00468622	0.00720338	0.00170958	0.00792441	0.00257775	0.00401599	0		identifiable	capability
T1	12	Photons in a laser	2	0	IC-1 (ODEBench held-out IC)	2	2	2	True	5.0145	2.58816	30.7166	1.11468e-06	1.28148	0.0305409	8	0.00067473	0.00161289	0.000282494	0.000754726	0.00028831	0.00043523	0		identifiable	capability
T1	12	Photons in a laser	2	1	box IC 0	2	2	2	True	17.089	2.44788	29.3845	7.13588e-06	0.615432	0.00709561	8	0.00304165	0.00386912	0.00016643	0.00468423	0.00385421	0.00263423	0		identifiable	capability
T1	12	Photons in a laser	2	2	box IC 1	2	2	2	True	8.50199	2.51826	30.3084	2.25996e-06	1.07741	0.0126457	8	0.00118056	0.000696732	0.000173625	0.00355984	0.000875497	0.000597091	0		identifiable	capability
T1	12	Photons in a laser	2	3	box IC 2	2	2	2	True	5.28125	2.58047	30.4519	1.33503e-06	1.14915	0.0360487	8	0.000740751	0.00170096	0.00030351	0.00061642	0.000452959	0.000629904	0		identifiable	capability
T1	12	Photons in a laser	2	4	box IC 3	2	2	2	True	7.67793	2.53044	29.5448	2.99897e-06	0.695615	0.0435758	8	0.00122372	0.00196232	0.00038833	0.0010434	0.00134039	0.00138418	0		identifiable	capability
T1	12	Photons in a laser	2	5	box IC 4	2	2	2	True	15.5493	2.45626	29.7933	5.29635e-06	0.81984	0.00832553	8	0.00148663	0.00334241	0.000114522	0.000731836	0.00256159	0.000682777	0		identifiable	capability
T1	12	Photons in a laser	2	6	box IC 5	2	2	2	True	12.7981	2.47458	30.3149	3.36499e-06	1.08067	0.00967887	8	0.000877164	0.00216694	0.000229777	0.000286143	0.0015277	0.000175257	0		identifiable	capability
T1	12	Photons in a laser	2	7	box IC 6	2	2	2	True	16.4882	2.45102	29.4196	6.76695e-06	0.632982	0.00709806	8	0.00303997	0.00348466	0.000220312	0.00512051	0.00370092	0.00267345	0		identifiable	capability
T1	12	Photons in a laser	2	8	box IC 7	2	2	2	True	17.3222	2.44671	29.4708	6.92698e-06	0.658607	0.00748486	8	0.00242719	0.00416709	8.26829e-05	0.00254207	0.00354689	0.00179723	0		identifiable	capability
T1	12	Photons in a laser	2	9	box IC 8	2	2	2	True	14.8296	2.46059	29.5564	5.6887e-06	0.701397	0.00735789	8	0.00278924	0.00251807	0.000325498	0.00550211	0.00315354	0.00244699	0		identifiable	capability
T1	12	Photons in a laser	2	10	box IC 9	2	2	2	True	12.2329	2.47903	30.4358	3.02946e-06	1.14112	0.0100034	8	0.000847014	0.00195182	0.000255204	0.000382692	0.00135882	0.000286545	0		identifiable	capability
T1	13	Overdamped bead	2	0	IC-1 (ODEBench held-out IC)	2	2	2	True	42.8716	2.37991	27.9649	3.63006e-05	6.2336	0.632392	8	0.00346638	0.00843194	0.00318997	0.00213472	0.00180504	0.00177024	0		identifiable	capability
T1	13	Overdamped bead	2	1	box IC 0	2	2	2	True	16.0694	2.45331	29.0136	8.08081e-06	6.75796	2.07677	8	0.00219517	0.000389762	0.000554032	0.00521434	0.00287528	0.00194243	0		identifiable	capability
T1	13	Overdamped bead	2	2	box IC 1	2	2	2	True	4.13856	2.61849	28.3238	3.09777e-06	6.41307	1.34962	8	0.00115861	0.00159329	0.000366416	0.0023714	0.000443102	0.00101884	0		identifiable	capability
T1	13	Overdamped bead	2	3	box IC 2	2	2	2	True	379.392	2.2794	24.6666	0.00167033	4.58529	0.326818	8	0.0240248	0.0169413	0.00094679	0.0902149	0.000377054	0.0116438	0		identifiable	capability
T1	13	Overdamped bead	2	4	box IC 3	2	2	2	True	2296.53	2.2293	19.2218	0.153847	1.93358	0.154628	8	0.189769	0.0847417	0.077571	0.657384	0.029104	0.100047	0		identifiable	capability
T1	13	Overdamped bead	2	5	box IC 4	2	2	2	True	13.9492	2.4663	28.0798	1.12029e-05	6.29104	0.906934	8	0.00222609	0.00471639	0.00142912	0.00263555	0.00108088	0.00126851	0		identifiable	capability
T1	13	Overdamped bead	2	6	box IC 5	2	2	2	True	77.2444	2.34628	27.4774	8.34254e-05	5.98989	0.523029	8	0.0062701	0.0118795	0.00477541	0.00589769	0.00416495	0.00463299	0		identifiable	capability
T1	13	Overdamped bead	2	7	box IC 6	2	2	2	True	22.3041	2.42582	29.1219	1.06053e-05	6.81209	2.41418	8	0.0026004	0.000167564	0.000681346	0.00659287	0.00328639	0.00227383	0		identifiable	capability
T1	13	Overdamped bead	2	8	box IC 7	2	2	2	True	4.16505	2.61743	28.3294	3.10677e-06	6.41586	1.35412	8	0.000694271	0.000954369	0.000183312	0.000888746	0.00106573	0.000379197	0		identifiable	capability
T1	13	Overdamped bead	2	9	box IC 8	2	2	2	True	32.0148	2.39915	28.8697	1.72503e-05	6.68601	3.42446	8	0.00349329	0.000852106	0.00120644	0.00825994	0.00422701	0.00292095	0		identifiable	capability
T1	13	Overdamped bead	2	10	box IC 9	2	2	2	True	141.998	2.31723	26.6417	0.000232882	5.57211	0.438726	8	0.01145	0.0179885	0.00708679	0.0101191	0.010351	0.0117044	0		identifiable	capability
T1	14	Budworm outbreak model	4	0	IC-1 (ODEBench held-out IC)	4	4	4	True	2199.63	4.23029	40.2461	0.110406	10.2406	1.56964	8	0.0973864	0.155722	0.0136207	0.120052	0.0402589	0.157278	0		identifiable	capability
T1	14	Budworm outbreak model	4	1	box IC 0	4	4	4	True	1971.62	4.23284	41.7864	0.0559776	10.9857	2.30591	8	0.107162	0.129796	0.0740267	0.231502	0.0461101	0.0543738	0		identifiable	capability
T1	14	Budworm outbreak model	4	2	box IC 1	4	4	4	True	3389.84	4.22074	37.7496	0.361005	9.09419	1.24458	8	0.199699	0.24937	0.245519	0.0642027	0.134008	0.305396	0		identifiable	capability
T1	14	Budworm outbreak model	4	3	box IC 2	4	4	4	True	3.98998e+06	4.13156	9.77224	4322.08	0.636901	0.358885	8	16.4696	3.57064	0.356557	10.559	30.7789	37.0829	0		identifiable	capability
T1	14	Budworm outbreak model	4	4	box IC 3	4	4	4	True	1.73061e+06	4.13816	11.3117	4296.25	0.812928	0.189226	8	4.27057	1.7626	10.5675	5.01233	2.055	1.95538	0		identifiable	capability
T1	14	Budworm outbreak model	4	5	box IC 4	4	4	4	True	2198.54	4.2303	42.0263	0.0511272	11.1034	2.77436	8	0.137335	0.133328	0.0769862	0.371696	0.0890099	0.0156565	0		identifiable	capability
T1	14	Budworm outbreak model	4	6	box IC 5	4	4	4	True	2394.7	4.22835	41.9659	0.0512932	11.0733	2.99529	8	0.173361	0.135183	0.0777196	0.514478	0.110049	0.0293764	0		identifiable	capability
T1	14	Budworm outbreak model	4	7	box IC 6	4	4	4	True	1952.37	4.23307	41.6993	0.0578703	10.943	2.21517	8	0.103681	0.12968	0.072883	0.21429	0.0386397	0.0629117	0		identifiable	capability
T1	14	Budworm outbreak model	4	8	box IC 7	4	4	4	True	2069.07	4.23171	41.9661	0.0524227	11.0738	2.56483	8	0.120165	0.131414	0.075995	0.294119	0.0689674	0.0303297	0		identifiable	capability
T1	14	Budworm outbreak model	4	9	box IC 8	4	4	4	True	1938.61	4.23324	41.4615	0.0636972	10.8269	2.02221	8	0.0977264	0.13088	0.0683482	0.183365	0.0237372	0.0823011	0		identifiable	capability
T1	14	Budworm outbreak model	4	10	box IC 9	4	4	4	True	2444.42	4.22789	41.9304	0.0515734	11.0556	3.04108	8	0.184652	0.135481	0.0778387	0.561008	0.114236	0.0346984	0		identifiable	capability
T1	15	Budworm outbreak predation	2	0	IC-1 (ODEBench held-out IC)	2	2	2	True	8.11997	2.52368	25.386	2.53275e-05	0.868994	0.0693397	8	0.0029633	0.00398128	0.000293785	0.00531094	0.00233168	0.00289882	0		identifiable	capability
T1	15	Budworm outbreak predation	2	1	box IC 0	2	2	2	True	4.35244	2.61023	27.0781	6.04133e-06	1.71505	0.038488	8	0.00178108	0.00314356	0.000539283	0.00301341	0.000823378	0.00138579	0		identifiable	capability
T1	15	Budworm outbreak predation	2	2	box IC 1	2	2	2	True	5.34762	2.57865	26.293	1.08053e-05	1.32249	0.0603865	8	0.00196781	0.00358878	0.000422625	0.00310723	0.00100937	0.00171106	0		identifiable	capability
T1	15	Budworm outbreak predation	2	3	box IC 2	2	2	2	True	17.0434	2.44812	23.8756	0.000111824	0.113819	0.0652706	8	0.00924684	0.00393297	0.00219487	0.0193235	0.0123686	0.00841426	0		identifiable	capability
T1	15	Budworm outbreak predation	2	4	box IC 3	2	2	2	True	18.6876	2.44023	23.6903	0.000134437	0.02118	0.0588732	8	0.0115705	0.00840555	0.00276083	0.0216893	0.0156109	0.00938585	0		identifiable	capability
T1	15	Budworm outbreak predation	2	5	box IC 4	2	2	2	True	4.98059	2.58918	27.0139	7.05429e-06	1.68293	0.0293707	8	0.00206575	0.00331658	0.000590583	0.00378175	0.00103911	0.00160071	0		identifiable	capability
T1	15	Budworm outbreak predation	2	6	box IC 5	2	2	2	True	5.62313	2.57144	26.8845	8.42577e-06	1.61823	0.0245285	8	0.00234157	0.00348041	0.000618708	0.00452355	0.00125983	0.00182538	0		identifiable	capability
T1	15	Budworm outbreak predation	2	7	box IC 6	2	2	2	True	4.30024	2.61219	27.0671	6.00937e-06	1.70951	0.0401296	8	0.00175274	0.00313245	0.000531045	0.00293067	0.000802029	0.0013675	0		identifiable	capability
T1	15	Budworm outbreak predation	2	8	box IC 7	2	2	2	True	4.61083	2.60104	27.0709	6.38811e-06	1.71143	0.0336146	8	0.00190321	0.00321283	0.000565613	0.00334851	0.000914951	0.00147412	0		identifiable	capability
T1	15	Budworm outbreak predation	2	9	box IC 8	2	2	2	True	4.24503	2.6143	27.0208	6.07922e-06	1.68638	0.0436168	8	0.00171189	0.00312997	0.000514429	0.00279799	0.000770605	0.00134648	0		identifiable	capability
T1	15	Budworm outbreak predation	2	10	box IC 9	2	2	2	True	5.80472	2.56696	26.8459	8.85053e-06	1.59894	0.0234695	8	0.00241911	0.00352117	0.000624025	0.00473591	0.00132442	0.00189004	0		identifiable	capability
T1	16	Landau equation	3	0	IC-1 (ODEBench held-out IC)	3	3	3	True	221.328	3.29895	33.5091	0.00549222	6.90018	0.420515	8	0.0304302	0.00620666	0.00771215	0.120394	0.0107634	0.00707501	0		identifiable	capability
T1	16	Landau equation	3	1	box IC 0	3	3	3	True	2426.45	3.22805	21.2007	6.22765	1.73222	0.034185	8	57.294	0.854123	0.595587	146.486	103.581	34.9535	0		identifiable	capability
T1	16	Landau equation	3	2	box IC 1	3	3	3	True	17801.5	3.19046	15.7257	212.667	0.688436	0.0272944	8	27.2726	1.31112	1.90858	35.7611	7.54516	89.8373	0		identifiable	capability
T1	16	Landau equation	3	3	box IC 2	3	3	3	True	137.099	3.31877	36.1617	0.00109754	8.22427	0.665208	8	0.0179782	0.0243739	0.010869	0.0317237	0.0101008	0.0128237	0		identifiable	capability
T1	16	Landau equation	3	4	box IC 3	3	3	3	True	110.849	3.32844	37.4506	0.000504672	8.86844	0.827578	8	0.0121993	0.0163402	0.00698922	0.0198495	0.00799676	0.00982086	0		identifiable	capability
T1	16	Landau equation	3	5	box IC 4	3	3	3	True	1061.45	3.24839	26.342	0.405337	3.48401	0.120503	8	1.58492	0.00976996	0.0431664	7.56578	0.193794	0.112111	0		identifiable	capability
T1	16	Landau equation	3	6	box IC 5	3	3	3	True	220.676	3.29906	33.5245	0.00544097	6.90787	0.421656	8	0.030278	0.00616965	0.00766912	0.119808	0.0107005	0.00704254	0		identifiable	capability
T1	16	Landau equation	3	7	box IC 6	3	3	3	True	1962.02	3.23295	21.3717	4.45969	1.67746	0.0396934	8	44.2226	0.819964	0.552083	138.185	53.0698	28.4867	0		identifiable	capability
T1	16	Landau equation	3	8	box IC 7	3	3	3	True	17206.6	3.191	15.8007	199.757	0.69476	0.0270779	8	0.953381	0.0282401	1.27352	0.0678425	1.59149	1.8058	0		identifiable	capability
T1	16	Landau equation	3	9	box IC 8	3	3	3	True	1639.35	3.23727	20.3057	3.48264	1.04596	0.0483776	8	26.1908	0.848788	0.49998	120.019	8.25915	1.32709	0		identifiable	capability
T1	16	Landau equation	3	10	box IC 9	3	3	3	True	173.034	3.30882	34.8325	0.00245697	7.56034	0.529642	8	0.0198625	0.00363044	0.00462285	0.0795628	0.00661705	0.00487915	0		identifiable	capability
T1	17	Logistic equation harvesting	3	0	IC-1 (ODEBench held-out IC)	3	3	3	True	441.64	3.27434	31.2038	0.0304434	5.23962	0.45301	8	0.0532717	0.0135364	0.0306482	0.161013	0.0528894	0.00827167	0		identifiable	capability
T1	17	Logistic equation harvesting	3	1	box IC 0	3	3	3	True	513.804	3.26948	34.2108	0.01908	6.73759	0.82117	8	0.0362359	0.00812401	0.0234957	0.104597	0.0336806	0.0112822	0		identifiable	capability
T1	17	Logistic equation harvesting	3	2	box IC 1	3	3	3	True	532.12	3.26838	29.431	0.0540279	4.36456	0.382251	8	0.0767245	0.0360053	0.0359003	0.187028	0.0909995	0.0336896	0		identifiable	capability
T1	17	Logistic equation harvesting	3	3	box IC 2	3	3	3	True	130.254	3.32105	27.744	0.00983929	3.49964	2.06656	8	0.050633	0.0747013	0.0226489	0.057593	0.0738974	0.0243247	0		identifiable	capability
T1	17	Logistic equation harvesting	3	4	box IC 3	3	3	3	True	70.0421	3.35145	28.5742	0.00327232	3.91148	6.80145	8	0.0381685	0.0488129	0.0174174	0.0576812	0.0477611	0.0191701	0		identifiable	capability
T1	17	Logistic equation harvesting	3	5	box IC 4	3	3	3	True	846.383	3.25461	34.5709	0.0304602	6.92318	1.02092	8	0.0249174	0.0101485	0.0108008	0.027049	0.0738106	0.00277817	0		identifiable	capability
T1	17	Logistic equation harvesting	3	6	box IC 5	3	3	3	True	1201.45	3.24512	34.5354	0.0456848	6.91274	1.12258	8	0.0738147	0.0744066	0.021724	0.0997307	0.13321	0.0400019	0		identifiable	capability
T1	17	Logistic equation harvesting	3	7	box IC 6	3	3	3	True	484.076	3.27138	34.0681	0.0184846	6.66592	0.78431	8	0.0370411	0.00780685	0.0241523	0.110517	0.0315236	0.0112058	0		identifiable	capability
T1	17	Logistic equation harvesting	3	8	box IC 7	3	3	3	True	647.736	3.26237	34.4922	0.0230006	6.88022	0.92917	8	0.0316083	0.00508492	0.0198684	0.077592	0.0472115	0.00828474	0		identifiable	capability
T1	17	Logistic equation harvesting	3	9	box IC 8	3	3	3	True	439.811	3.27448	33.6804	0.0181648	6.47195	0.705718	8	0.0383823	0.00599841	0.0252559	0.121007	0.0297187	0.00993158	0		identifiable	capability
T1	17	Logistic equation harvesting	3	10	box IC 9	3	3	3	True	1288.34	3.24331	34.5364	0.0492519	6.91498	1.14434	8	0.0952228	0.10148	0.0344971	0.137917	0.149153	0.0530663	0		identifiable	capability
T1	18	Improved logistic equation harvesting	4	0	IC-1 (ODEBench held-out IC)	4	4	4	True	390133	4.15172	16.8166	5770.39	3.20928	0.0868103	8	inf	209.454	nan	2.98441	6.40026	6.7138	1	lm status 0 (The maximum number of function evaluations is exceeded.)	identifiable	capability
T1	18	Improved logistic equation harvesting	4	1	box IC 0	4	4	4	True	205539	4.15841	19.7637	3107.07	4.06988	0.10485	8	62.5945	194.418	44.8552	49.4114	14.4209	9.8666	0		identifiable	capability
T1	18	Improved logistic equation harvesting	4	2	box IC 1	4	4	4	True	3.22118e+06	4.13319	10.9867	7160.99	1.62295	0.0991594	8	inf	1.84952	32.9675	1.94582	6.28884	nan	1	lm status 0 (The maximum number of function evaluations is exceeded.)	identifiable	capability
T1	18	Improved logistic equation harvesting	4	3	box IC 2	4	4	4	True	1.13496e+06	4.14174	11.5639	7019.79	0.958955	0.411044	8	inf	1.39112	nan	2.24027	12.5861	1.87072	1	lm status 0 (The maximum number of function evaluations is exceeded.)	identifiable	capability
T1	18	Improved logistic equation harvesting	4	4	box IC 3	4	4	4	True	1.28941e+06	4.14064	10.5661	7034.61	0.446696	0.539286	8	inf	0.889812	nan	2.194	4.67328	1.72368	1	lm status 0 (The maximum number of function evaluations is exceeded.)	identifiable	capability
T1	18	Improved logistic equation harvesting	4	5	box IC 4	4	4	4	True	198557	4.15878	20.7769	2186.99	4.50589	0.137877	8	136.716	48.6954	266.106	23.365	17.3887	328.025	0		identifiable	capability
T1	18	Improved logistic equation harvesting	4	6	box IC 5	4	4	4	True	288390	4.1548	20.4496	2937.52	4.67954	0.155934	8	183.016	282.992	471.054	29.6206	115.251	16.1643	0		identifiable	capability
T1	18	Improved logistic equation harvesting	4	7	box IC 6	4	4	4	True	216220	4.15786	19.4387	3421	3.96914	0.100787	8	inf	34.3405	nan	8.70385	7.31883	nan	2	lm status 0 (The maximum number of function evaluations is exceeded.) | lm status 0 (The maximum number of function evaluations is exceeded.)	identifiable	capability
T1	18	Improved logistic equation harvesting	4	8	box IC 7	4	4	4	True	190404	4.15924	20.4913	2428.1	4.32614	0.121734	8	80.3338	189.511	3.22241	177.688	16.1574	15.0895	0		identifiable	capability
T1	18	Improved logistic equation harvesting	4	9	box IC 8	4	4	4	True	251802	4.15622	18.6228	4217.99	3.72745	0.0937124	8	92.7021	22.552	2.56622	2.33035	6.73683	429.325	0		identifiable	capability
T1	18	Improved logistic equation harvesting	4	10	box IC 9	4	4	4	True	361857	4.15247	20.2256	3622.48	4.71587	0.159801	8	104.937	136.112	143.677	33.4439	39.6243	171.827	0		identifiable	capability
T1	19	Improved logistic equation harvesting dimensionless	2	0	IC-1 (ODEBench held-out IC)	2	2	2	True	34.3	2.39443	14.2977	0.0269754	0.751618	0.0476794	8	0.119228	0.143222	0.0603605	0.189847	0.10833	0.0943801	0		identifiable	capability
T1	19	Improved logistic equation harvesting dimensionless	2	1	box IC 0	2	2	2	True	10.6801	2.49296	18.4087	0.00108385	2.79437	0.0325567	8	0.025109	0.0572677	0.00638835	0.0405002	0.00981526	0.0115735	0		identifiable	capability
T1	19	Improved logistic equation harvesting dimensionless	2	2	box IC 1	2	2	2	True	23.1745	2.42283	16.7761	0.00528365	1.98017	0.0218947	8	0.0402437	0.152712	0.00514764	0.0142584	0.00562974	0.023471	0		identifiable	capability
T1	19	Improved logistic equation harvesting dimensionless	2	3	box IC 2	2	2	2	True	34.5091	2.39402	14.5717	0.0236647	0.887009	0.0363112	8	0.121756	0.142551	0.0594825	0.217194	0.10491	0.0846441	0		identifiable	capability
T1	19	Improved logistic equation harvesting dimensionless	2	4	box IC 3	2	2	2	True	35.3673	2.39237	14.1892	0.0293627	0.698569	0.0499536	8	0.122048	0.141169	0.0631092	0.192254	0.114191	0.0995171	0		identifiable	capability
T1	19	Improved logistic equation harvesting dimensionless	2	5	box IC 4	2	2	2	True	9.08025	2.5107	18.6706	0.000811069	2.9252	0.0326872	8	0.0229633	0.0458982	0.00693004	0.0408012	0.00987654	0.0113104	0		identifiable	capability
T1	19	Improved logistic equation harvesting dimensionless	2	6	box IC 5	2	2	2	True	8.45756	2.51888	18.7748	0.000718424	2.97724	0.032284	8	0.0220329	0.0414618	0.00695993	0.0404782	0.0098521	0.0114125	0		identifiable	capability
T1	19	Improved logistic equation harvesting dimensionless	2	7	box IC 6	2	2	2	True	11.0555	2.48934	18.3486	0.0011555	2.76436	0.032375	8	0.025583	0.0599361	0.00619637	0.040264	0.00978894	0.0117298	0		identifiable	capability
T1	19	Improved logistic equation harvesting dimensionless	2	8	box IC 7	2	2	2	True	9.73963	2.50288	18.5616	0.000917269	2.87074	0.0327899	8	0.0238797	0.0505872	0.00677262	0.0408407	0.00986539	0.0113328	0		identifiable	capability
T1	19	Improved logistic equation harvesting dimensionless	2	9	box IC 8	2	2	2	True	11.9842	2.48109	18.2025	0.00134584	2.69141	0.0317707	8	0.0267304	0.0665557	0.00565368	0.0394889	0.00971351	0.0122403	0		identifiable	capability
T1	19	Improved logistic equation harvesting dimensionless	2	10	box IC 9	2	2	2	True	8.33627	2.52057	18.7952	0.000701214	2.98743	0.032161	8	0.0218421	0.0405966	0.00694921	0.0403762	0.00984149	0.0114468	0		identifiable	capability
T1	20	Autocatalytic gene switching	2	0	IC-1 (ODEBench held-out IC)	2	2	2	True	3.34242	2.65614	29.7484	1.26332e-06	2.49559	0.0413008	8	0.000749273	0.00196642	0.000864729	0.000470161	0.000298767	0.00014629	0		identifiable	capability
T1	20	Autocatalytic gene switching	2	1	box IC 0	2	2	2	True	5.22848	2.58194	31.9556	6.23592e-07	3.59922	0.0480972	8	0.000448782	0.00122789	0.000447634	0.000327453	0.000181728	5.92018e-05	0		identifiable	capability
T1	20	Autocatalytic gene switching	2	2	box IC 1	2	2	2	True	3.3512	2.65565	29.9327	1.15465e-06	2.58774	0.0421143	8	0.000707401	0.00185857	0.000808438	0.000459305	0.000278407	0.000132283	0		identifiable	capability
T1	20	Autocatalytic gene switching	2	3	box IC 2	2	2	2	True	8.00808	2.52534	26.5256	1.41346e-05	0.884222	0.0222338	8	0.0037892	0.0072467	0.00191792	0.00424056	0.00374516	0.00179565	0		identifiable	capability
T1	20	Autocatalytic gene switching	2	4	box IC 3	2	2	2	True	9.1553	2.50977	26.1676	1.92575e-05	0.70522	0.0181729	8	0.00465019	0.00671362	0.000543127	0.00810828	0.00541414	0.00247177	0		identifiable	capability
T1	20	Autocatalytic gene switching	2	5	box IC 4	2	2	2	True	6.18792	2.55818	32.4143	5.80858e-07	3.82855	0.0470599	8	0.000422973	0.00116245	0.000411658	0.000315919	0.000171454	5.33806e-05	0		identifiable	capability
T1	20	Autocatalytic gene switching	2	6	box IC 5	2	2	2	True	6.67563	2.5481	32.6081	5.66732e-07	3.92544	0.0462076	8	0.000414505	0.00113877	0.000400193	0.000314511	0.000167252	5.17937e-05	0		identifiable	capability
T1	20	Autocatalytic gene switching	2	7	box IC 6	2	2	2	True	5.05023	2.58709	31.8552	6.34954e-07	3.54901	0.0481311	8	0.000455605	0.00124439	0.000457265	0.000331351	0.000184137	6.08764e-05	0		identifiable	capability
T1	20	Autocatalytic gene switching	2	8	box IC 7	2	2	2	True	5.74872	2.56832	32.2191	5.97338e-07	3.73098	0.0476817	8	0.000432921	0.0011885	0.000425401	0.000319485	0.000175726	5.54926e-05	0		identifiable	capability
T1	20	Autocatalytic gene switching	2	9	box IC 8	2	2	2	True	4.67093	2.59902	31.619	6.65111e-07	3.43089	0.0479723	8	0.000473477	0.00128703	0.000482584	0.000342194	0.000190195	6.53844e-05	0		identifiable	capability
T1	20	Autocatalytic gene switching	2	10	box IC 9	2	2	2	True	6.78087	2.54606	32.6472	5.64137e-07	3.945	0.0460129	8	0.000412955	0.00113423	0.000398131	0.000314489	0.000166402	5.15235e-05	0		identifiable	capability
T1	21	Dimensionally reduced SIR	2	0	IC-1 (ODEBench held-out IC)	2	2	2	True	12.7395	2.47502	31.8917	1.52277e-06	2.74873	0.0398284	8	0.000892458	0.00227412	0.00134941	0.000741081	9.17512e-05	5.92885e-06	0		identifiable	capability
T1	21	Dimensionally reduced SIR	2	1	box IC 0	2	2	2	True	15.4354	2.45693	31.5474	2.18734e-06	2.57658	0.0388308	8	0.00103724	0.00278054	0.00157842	0.000766222	5.57289e-05	5.28893e-06	0		identifiable	capability
T1	21	Dimensionally reduced SIR	2	2	box IC 1	2	2	2	True	31.9888	2.3992	30.2443	8.6686e-06	1.92507	0.0336341	8	0.00187678	0.00592081	0.00270781	0.000258122	0.000454396	4.27618e-05	0		identifiable	capability
T1	21	Dimensionally reduced SIR	2	3	box IC 2	2	2	2	True	101.194	2.33276	28.137	7.85821e-05	0.871442	0.020525	8	0.00786987	0.0160596	0.00141915	0.0139223	0.00755445	0.000393866	0		identifiable	capability
T1	21	Dimensionally reduced SIR	2	4	box IC 3	2	2	2	True	117.158	2.32586	27.8741	0.000103759	0.739984	0.0182251	8	0.0097479	0.0150888	0.00162036	0.020775	0.0104458	0.000809571	0		identifiable	capability
T1	21	Dimensionally reduced SIR	2	5	box IC 4	2	2	2	True	12.565	2.47638	31.9165	1.48361e-06	2.76116	0.0398941	8	0.00088268	0.0022414	0.00133405	0.000738258	9.36126e-05	6.07791e-06	0		identifiable	capability
T1	21	Dimensionally reduced SIR	2	6	box IC 5	2	2	2	True	11.4084	2.48609	32.091	1.23615e-06	2.84841	0.0403316	8	0.000816492	0.00202494	0.00123043	0.000715665	0.000104355	7.07039e-06	0		identifiable	capability
T1	21	Dimensionally reduced SIR	2	7	box IC 6	2	2	2	True	16.0858	2.45322	31.4736	2.36437e-06	2.5397	0.0385971	8	0.00107061	0.00290305	0.00163149	0.000767314	4.52696e-05	5.93757e-06	0		identifiable	capability
T1	21	Dimensionally reduced SIR	2	8	box IC 7	2	2	2	True	13.7664	2.46755	31.7523	1.76271e-06	2.67906	0.0394441	8	0.000948932	0.00246676	0.00143844	0.00075468	7.95889e-05	5.19191e-06	0		identifiable	capability
T1	21	Dimensionally reduced SIR	2	9	box IC 8	2	2	2	True	17.6537	2.44507	31.3076	2.81758e-06	2.45668	0.0380483	8	0.00114919	0.00319879	0.00175617	0.000762365	2.00711e-05	8.55119e-06	0		identifiable	capability
T1	21	Dimensionally reduced SIR	2	10	box IC 9	2	2	2	True	11.1806	2.48817	32.1276	1.18989e-06	2.8667	0.0404181	8	0.000803161	0.00198237	0.00120965	0.000710398	0.000106133	7.25084e-06	0		identifiable	capability
T1	22	Protein expression	4	0	IC-1 (ODEBench held-out IC)	4	4	4	True	368.135	4.28043	42.944	0.00587177	6.96233	0.248299	8	0.0584981	0.0694155	0.0395324	0.0626438	0.0587332	0.0621658	0		identifiable	capability
T1	22	Protein expression	4	1	box IC 0	4	4	4	True	444.397	4.27414	40.9623	0.0105703	5.9738	0.152151	8	0.0675263	0.0749796	0.0485155	0.0490783	0.0640215	0.101037	0		identifiable	capability
T1	22	Protein expression	4	2	box IC 1	4	4	4	True	1018.46	4.2495	35.3501	0.0945929	3.20776	0.052724	8	0.108225	0.0700154	0.0498419	0.284801	0.0870645	0.0494018	0		identifiable	capability
T1	22	Protein expression	4	3	box IC 2	4	4	4	True	150.907	4.31459	42.1114	0.00361191	6.54487	1.04419	8	0.0311213	0.0268659	0.017455	0.0532806	0.0344052	0.0235997	0		identifiable	capability
T1	22	Protein expression	4	4	box IC 3	4	4	4	True	146.577	4.31585	42.4673	0.00335884	6.72269	1.15258	8	0.0292524	0.0250872	0.0157078	0.0498299	0.0333673	0.0222699	0		identifiable	capability
T1	22	Protein expression	4	5	box IC 4	4	4	4	True	364.17	4.2808	43.1759	0.0055409	7.07812	0.263877	8	0.0573001	0.0683295	0.0384927	0.0634931	0.0577321	0.0584529	0		identifiable	capability
T1	22	Protein expression	4	6	box IC 5	4	4	4	True	359.803	4.28121	43.8991	0.00470839	7.43926	0.318969	8	0.0536933	0.0649307	0.0354754	0.0653915	0.0544592	0.0482097	0		identifiable	capability
T1	22	Protein expression	4	7	box IC 6	4	4	4	True	482.715	4.27147	40.3625	0.0129942	5.67506	0.133773	8	0.0691604	0.0737741	0.0507887	0.0424115	0.0636848	0.115143	0		identifiable	capability
T1	22	Protein expression	4	8	box IC 7	4	4	4	True	383.86	4.279	42.3289	0.00692972	6.6553	0.211674	8	0.0616401	0.0720767	0.0423734	0.0597113	0.0611201	0.0729189	0		identifiable	capability
T1	22	Protein expression	4	9	box IC 8	4	4	4	True	629.474	4.26323	38.7441	0.0239581	4.87127	0.1006	8	0.0688964	0.0571079	0.053656	0.0207132	0.0541921	0.158813	0		identifiable	capability
T1	22	Protein expression	4	10	box IC 9	4	4	4	True	360.531	4.28114	44.032	0.00458481	7.50569	0.330195	8	0.0530732	0.0643334	0.0349718	0.0656393	0.0538587	0.0465628	0		identifiable	capability
T1	23	Overdamped pendulum	1	0	IC-1 (ODEBench held-out IC)	1	1	1	True	1	2	11.8403	7.20818e-06	0.161506	0.00707267	8	0.00180062	0.00189896	0.00168568	0.00170332	0.00286538	0.000849755	0		identifiable	capability
T1	23	Overdamped pendulum	1	1	box IC 0	1	1	1	True	1	2	11.7552	7.8482e-06	0.118972	0.0115356	8	0.00200369	0.00249673	0.00179288	0.00199596	0.0029755	0.000757379	0		identifiable	capability
T1	23	Overdamped pendulum	1	2	box IC 1	1	1	1	True	1	2	11.779	7.66416e-06	0.130836	0.00677238	8	0.00193811	0.00239355	0.00183043	0.00175337	0.00290342	0.000809792	0		identifiable	capability
T1	23	Overdamped pendulum	1	3	box IC 2	1	1	1	True	1	2	12.3253	4.43821e-06	0.403986	0.00683789	8	0.00112562	0.000387041	0.000786763	0.00164008	0.0022535	0.000560728	0		identifiable	capability
T1	23	Overdamped pendulum	1	4	box IC 3	1	1	1	True	1	2	12.4404	3.9556e-06	0.461545	0.00699944	8	0.00108985	0.000710098	0.000631184	0.00169377	0.00205619	0.000358006	0		identifiable	capability
T1	23	Overdamped pendulum	1	5	box IC 4	1	1	1	True	1	2	11.9193	6.66055e-06	0.201012	0.00668706	8	0.0016383	0.00138673	0.00152814	0.00161307	0.00278497	0.000878603	0		identifiable	capability
T1	23	Overdamped pendulum	1	6	box IC 5	1	1	1	True	1	2	12.2722	4.68003e-06	0.37746	0.00717228	8	0.00113132	0.000267262	0.000853272	0.0017	0.00230329	0.000532758	0		identifiable	capability
T1	23	Overdamped pendulum	1	7	box IC 6	1	1	1	True	1	2	11.7461	7.92053e-06	0.114385	0.0145506	8	0.00202901	0.00256448	0.00179738	0.00204577	0.00299158	0.000745856	0		identifiable	capability
T1	23	Overdamped pendulum	1	8	box IC 7	1	1	1	True	1	2	11.807	7.45206e-06	0.144869	0.00763042	8	0.00187479	0.00212749	0.00173957	0.00178512	0.00290227	0.000819531	0		identifiable	capability
T1	23	Overdamped pendulum	1	9	box IC 8	1	1	1	True	1	2	11.7344	8.01297e-06	0.108583	0.0327832	8	0.00206212	0.0026534	0.00180246	0.00211059	0.00301231	0.000731818	0		identifiable	capability
T1	23	Overdamped pendulum	1	10	box IC 9	1	1	1	True	1	2	12.3834	4.18734e-06	0.433079	0.00731173	8	0.00110275	0.000594577	0.000697327	0.00172707	0.00212241	0.000372356	0		identifiable	capability
T1	24	Harmonic oscillator	1	0	IC-1 (ODEBench held-out IC)	1	1	1	True	1	2	14.6356	4.40378e-07	0.0313194	0.00973619	8	0.00036982	0.00022714	0.000626064	0.000683921	0.000215028	9.69483e-05	0		identifiable	capability
T1	24	Harmonic oscillator	1	1	box IC 0	1	1	1	True	1	2	15.3479	2.16021e-07	0.387448	0.00784012	8	0.000189798	4.01838e-06	0.000306946	0.000230509	3.05995e-05	0.000376918	0		identifiable	capability
T1	24	Harmonic oscillator	1	2	box IC 1	1	1	1	True	1	2	18.3672	1.0549e-08	1.89712	0.0135888	8	0.000111436	0.000119533	0.000192647	4.69939e-05	9.50979e-05	0.000102909	0		identifiable	capability
T1	24	Harmonic oscillator	1	3	box IC 2	1	1	1	True	1	2	17.7762	1.90509e-08	1.60158	0.0134392	8	0.000116561	0.000130627	0.000191768	8.26092e-06	0.000132644	0.000119505	0		identifiable	capability
T1	24	Harmonic oscillator	1	4	box IC 3	1	1	1	True	1	2	16.2294	8.94703e-08	0.828182	0.0127949	8	0.000212651	0.000209049	0.00024757	9.83912e-05	0.000280378	0.000227867	0		identifiable	capability
T1	24	Harmonic oscillator	1	5	box IC 4	1	1	1	True	1	2	16.5745	6.33532e-08	1.00077	0.0106059	8	0.000190687	0.000162209	0.000116566	0.000165382	0.000255194	0.000254086	0		identifiable	capability
T1	24	Harmonic oscillator	1	6	box IC 5	1	1	1	True	1	2	16.5276	6.63967e-08	0.977312	0.00795302	8	0.000185598	8.78431e-05	0.000373422	0.000271792	1.22045e-05	0.000182731	0		identifiable	capability
T1	24	Harmonic oscillator	1	7	box IC 6	1	1	1	True	1	2	16.7209	5.47257e-08	1.07397	0.00836555	8	0.000178223	0.000120119	0.000386458	0.000242191	2.94824e-05	0.000112867	0		identifiable	capability
T1	24	Harmonic oscillator	1	8	box IC 7	1	1	1	True	1	2	15.9919	1.13451e-07	0.709449	0.00817756	8	0.000209988	0.000109527	0.000433206	0.000278934	2.10313e-05	0.00020724	0		identifiable	capability
T1	24	Harmonic oscillator	1	9	box IC 8	1	1	1	True	1	2	17.3413	2.94274e-08	1.38417	0.0128783	8	0.00014878	0.000158963	0.000287346	7.24465e-05	0.000135665	8.94774e-05	0		identifiable	capability
T1	24	Harmonic oscillator	1	10	box IC 9	1	1	1	True	1	2	16.4344	7.28813e-08	0.930719	0.0133886	8	0.000324094	0.000334432	0.000600967	0.000236149	0.000206046	0.000242876	0		identifiable	capability
T1	25	Harmonic oscillator damping	2	0	IC-1 (ODEBench held-out IC)	2	2	2	True	5.31104	2.57965	27.6269	5.5106e-06	0.992178	0.0192769	8	0.0019165	0.0023561	0.00308007	0.00267468	0.000297457	0.00117421	0		identifiable	capability
T1	25	Harmonic oscillator damping	2	1	box IC 0	2	2	2	True	3.92599	2.62737	32.46	3.73816e-07	3.40869	0.0212267	8	0.000519342	0.000612367	0.000854967	0.000246451	0.000498442	0.000384481	0		identifiable	capability
T1	25	Harmonic oscillator damping	2	2	box IC 1	2	2	2	True	9.01108	2.51157	37.0356	8.27795e-08	5.69649	0.016681	8	0.00016596	4.54918e-05	7.49334e-05	0.000281427	0.000191934	0.000236015	0		identifiable	capability
T1	25	Harmonic oscillator damping	2	3	box IC 2	2	2	2	True	8.96451	2.51216	35.7448	1.57038e-07	5.05113	0.0166329	8	0.000212699	5.25351e-05	0.000144	0.000380737	0.000217184	0.000269038	0		identifiable	capability
T1	25	Harmonic oscillator damping	2	4	box IC 3	2	2	2	True	8.42107	2.51938	32.2926	8.3025e-07	3.32499	0.0167955	8	0.0005184	0.000221558	0.000593289	0.000963109	0.000355157	0.000458885	0		identifiable	capability
T1	25	Harmonic oscillator damping	2	5	box IC 4	2	2	2	True	5.70345	2.56943	33.4459	3.2108e-07	3.90164	0.0184167	8	0.000433953	0.000379507	0.000701924	0.000749791	0.000122847	0.000215695	0		identifiable	capability
T1	25	Harmonic oscillator damping	2	6	box IC 5	2	2	2	True	4.0197	2.62337	35.6302	7.82132e-08	4.9938	0.0211408	8	0.000229262	0.000239021	0.000373088	8.99207e-05	0.000249762	0.000194517	0		identifiable	capability
T1	25	Harmonic oscillator damping	2	7	box IC 6	2	2	2	True	4.52748	2.60392	35.9	7.60262e-08	5.1287	0.0208391	8	0.000211529	0.000212714	0.000325536	7.29969e-05	0.000244839	0.00020156	0		identifiable	capability
T1	25	Harmonic oscillator damping	2	8	box IC 7	2	2	2	True	4.3301	2.61106	34.238	1.67642e-07	4.2977	0.0209747	8	0.000322587	0.000349813	0.000510637	0.000113796	0.000352365	0.000286325	0		identifiable	capability
T1	25	Harmonic oscillator damping	2	9	box IC 8	2	2	2	True	8.12975	2.52354	35.5374	1.58399e-07	4.94741	0.0177318	8	0.00021796	0.000116853	0.000134178	0.000259239	0.00028128	0.000298253	0		identifiable	capability
T1	25	Harmonic oscillator damping	2	10	box IC 9	2	2	2	True	8.58496	2.51713	33.2944	5.12626e-07	3.82592	0.0172564	8	0.000444096	0.000108754	0.000203104	0.000658777	0.000598198	0.000651647	0		identifiable	capability
T1	26	Lotka-Volterra competition	3	0	IC-1 (ODEBench held-out IC)	3	3	3	True	10.8598	3.4912	39.4321	2.55907e-05	0.628546	0.025935	8	0.00239136	0.00132287	0.00234093	0.00318635	0.00310773	0.0019989	0		identifiable	capability
T1	26	Lotka-Volterra competition	3	1	box IC 0	3	3	3	True	5.96557	3.56317	41.1685	7.00967e-06	1.49677	0.0215166	8	0.00139498	0.00262662	0.00110002	0.00197564	0.000808946	0.00046367	0		identifiable	capability
T1	26	Lotka-Volterra competition	3	2	box IC 1	3	3	3	True	3.36676	3.65479	41.286	4.78802e-06	1.55549	0.172395	8	0.00124604	0.00201712	0.00123411	0.00186953	0.000845758	0.000263655	0		identifiable	capability
T1	26	Lotka-Volterra competition	3	3	box IC 2	3	3	3	True	6.29582	3.55585	42.2294	5.5329e-06	2.02722	0.0199958	8	0.00160854	0.00108708	0.0018947	0.00172715	0.0022195	0.00111425	0		identifiable	capability
T1	26	Lotka-Volterra competition	3	4	box IC 3	3	3	3	True	6.84976	3.54476	41.3111	8.1649e-06	1.56808	0.0193532	8	0.0018163	0.00102748	0.00199259	0.00224847	0.00268677	0.00112618	0		identifiable	capability
T1	26	Lotka-Volterra competition	3	5	box IC 4	3	3	3	True	5.65271	3.57069	41.6211	6.33475e-06	1.72303	0.0197791	8	0.00167613	0.0012452	0.00168603	0.0021257	0.00227342	0.00105031	0		identifiable	capability
T1	26	Lotka-Volterra competition	3	6	box IC 5	3	3	3	True	3.67384	3.63893	41.9942	4.1405e-06	1.90963	0.0459828	8	0.00132931	0.00203477	0.000741269	0.00227321	0.00116707	0.000430213	0		identifiable	capability
T1	26	Lotka-Volterra competition	3	7	box IC 6	3	3	3	True	3.74558	3.63552	41.9507	4.17163e-06	1.88783	0.0377841	8	0.00135172	0.00210764	0.000755196	0.00236758	0.00117369	0.000354494	0		identifiable	capability
T1	26	Lotka-Volterra competition	3	8	box IC 7	3	3	3	True	3.83697	3.63132	41.6621	4.64817e-06	1.74355	0.0267229	8	0.00131746	0.00218298	0.000904737	0.00223869	0.000882913	0.000377961	0		identifiable	capability
T1	26	Lotka-Volterra competition	3	9	box IC 8	3	3	3	True	7.89681	3.52702	41.4502	8.41833e-06	1.63762	0.0158215	8	0.00150884	0.000789443	0.00192229	0.00176654	0.00234783	0.000718114	0		identifiable	capability
T1	26	Lotka-Volterra competition	3	10	box IC 9	3	3	3	True	10.3043	3.49677	39.7064	2.17116e-05	0.7657	0.0218117	8	0.00230768	0.000897428	0.00232161	0.00331332	0.00341751	0.00158852	0		identifiable	capability
T1	27	Lotka-Volterra simple	4	0	IC-1 (ODEBench held-out IC)	4	4	4	True	4.97546	4.58933	55.3072	7.77598e-06	1.86563	0.70299	8	0.00144198	0.00198888	0.00149097	0.000578371	0.00169341	0.00145824	0		identifiable	capability
T1	27	Lotka-Volterra simple	4	1	box IC 0	4	4	4	True	22.6987	4.42445	53.7619	6.77264e-05	1.09301	0.0521344	8	0.0037918	0.000920898	0.00258924	0.0036582	0.0062538	0.00553685	0		identifiable	capability
T1	27	Lotka-Volterra simple	4	2	box IC 1	4	4	4	True	4.13051	4.61881	56.2372	5.30366e-06	2.33061	0.766266	8	0.00120105	0.00137477	0.00120806	0.000368034	0.0016054	0.00144898	0		identifiable	capability
T1	27	Lotka-Volterra simple	4	3	box IC 2	4	4	4	True	21.4449	4.42894	55.6556	4.0618e-05	2.03982	0.0363347	8	0.00161108	0.00204874	0.00041709	0.00235845	0.0023048	0.000926325	0		identifiable	capability
T1	27	Lotka-Volterra simple	4	4	box IC 3	4	4	4	True	25.7314	4.41486	53.8625	8.17511e-05	1.14333	0.0290463	8	0.00240522	0.00101219	0.0030154	0.00510051	0.00131333	0.00158465	0		identifiable	capability
T1	27	Lotka-Volterra simple	4	5	box IC 4	4	4	4	True	22.8135	4.42405	54.1686	6.58112e-05	1.29638	0.0317617	8	0.00221344	0.000934556	0.00229217	0.00386032	0.00161382	0.00236632	0		identifiable	capability
T1	27	Lotka-Volterra simple	4	6	box IC 5	4	4	4	True	8.13533	4.52346	60.9226	2.5729e-06	4.67334	0.306	8	0.000447208	0.000524727	0.000629365	0.000223581	0.000669951	0.000188418	0		identifiable	capability
T1	27	Lotka-Volterra simple	4	7	box IC 6	4	4	4	True	8.04397	4.5248	58.8184	4.77155e-06	3.62122	0.179928	8	0.000813105	0.000657738	0.000566279	0.000197182	0.00156795	0.00107638	0		identifiable	capability
T1	27	Lotka-Volterra simple	4	8	box IC 7	4	4	4	True	15.8724	4.45441	55.0454	2.9534e-05	1.73473	0.0760011	8	0.00232167	0.00158435	0.000265376	0.000961391	0.00502024	0.00377698	0		identifiable	capability
T1	27	Lotka-Volterra simple	4	9	box IC 8	4	4	4	True	27.3471	4.41036	54.7731	6.89622e-05	1.59858	0.0306915	8	0.00202099	0.00187243	0.0016302	0.00409744	0.000882296	0.0016226	0		identifiable	capability
T1	27	Lotka-Volterra simple	4	10	box IC 9	4	4	4	True	22.6427	4.42464	52.8161	9.21338e-05	0.620136	0.0440386	8	0.0053082	0.00470837	0.00944687	0.0081509	0.00136109	0.00287376	0		identifiable	capability
T1	28	Pendulum without friction	1	0	IC-1 (ODEBench held-out IC)	1	1	1	True	1	2	15.1843	2.54407e-07	0.121303	0.00672451	8	0.000497754	0.000213483	0.000749044	0.000270798	0.000580969	0.000674474	0		identifiable	capability
T1	28	Pendulum without friction	1	1	box IC 0	1	1	1	True	1	2	15.0675	2.85926e-07	0.0629043	0.00239613	8	0.00037643	0.000303588	0.000940905	2.04276e-05	0.000356456	0.000260774	0		identifiable	capability
T1	28	Pendulum without friction	1	2	box IC 1	1	1	1	True	1	2	15.2299	2.43066e-07	0.144105	0.00118625	8	0.000453575	1.95522e-05	0.000972354	0.00016109	0.000587485	0.000527393	0		identifiable	capability
T1	28	Pendulum without friction	1	3	box IC 2	1	1	1	True	1	2	15.1303	2.68539e-07	0.0942722	0.00143316	8	0.000351882	0.000320413	0.000909495	8.24016e-05	0.000265974	0.000181127	0		identifiable	capability
T1	28	Pendulum without friction	1	4	box IC 3	1	1	1	True	1	2	15.5707	1.72869e-07	0.314502	0.00526709	8	0.000405948	9.42038e-05	0.000650567	0.000173912	0.000480317	0.000630741	0		identifiable	capability
T1	28	Pendulum without friction	1	5	box IC 4	1	1	1	True	1	2	15.4067	2.03688e-07	0.232476	0.00229112	8	0.000430763	5.73126e-05	0.000828894	0.000142527	0.000524883	0.000600198	0		identifiable	capability
T1	28	Pendulum without friction	1	6	box IC 5	1	1	1	True	1	2	15.2111	2.47688e-07	0.134685	0.00164697	8	0.000377663	0.00025761	0.0010117	0.000132582	0.000246301	0.000240117	0		identifiable	capability
T1	28	Pendulum without friction	1	7	box IC 6	1	1	1	True	1	2	15.2591	2.36079e-07	0.158687	0.00180126	8	0.000397478	0.000157171	0.00108552	0.000122254	0.000316147	0.000306296	0		identifiable	capability
T1	28	Pendulum without friction	1	8	box IC 7	1	1	1	True	1	2	15.176	2.56541e-07	0.117127	0.00222461	8	0.000398912	0.000222931	0.00103688	0.000105843	0.000335583	0.000293325	0		identifiable	capability
T1	28	Pendulum without friction	1	9	box IC 8	1	1	1	True	1	2	15.4298	1.9904e-07	0.244018	0.00492955	8	0.000438667	0.000149157	0.00069437	0.000184748	0.00050682	0.000658242	0		identifiable	capability
T1	28	Pendulum without friction	1	10	box IC 9	1	1	1	True	1	2	15.6265	1.63497e-07	0.342374	0.00857208	8	0.000151232	0.000310949	2.31124e-05	0.000188643	5.88963e-05	0.000174558	0		identifiable	capability
T1	29	Dipole fixed point	1	0	IC-1 (ODEBench held-out IC)	1	1	1	True	1	2	13.4958	1.37676e-06	0.0146096	0.00598749	8	0.000816511	0.000741704	0.000250334	0.00104654	0.001559	0.000484977	0		identifiable	capability
T1	29	Dipole fixed point	1	1	box IC 0	1	1	1	True	1	2	13.5421	1.31443e-06	0.0377738	0.00857724	8	0.000877212	0.000593371	0.000377268	0.00126501	0.00163872	0.000511682	0		identifiable	capability
T1	29	Dipole fixed point	1	2	box IC 1	1	1	1	True	1	2	14.513	4.97811e-07	0.523243	0.0149991	8	0.000333921	0.000328695	0.000848509	0.000175076	0.000136289	0.000181034	0		identifiable	capability
T1	29	Dipole fixed point	1	3	box IC 2	1	1	1	True	1	2	18.3811	1.04032e-08	2.45729	0.0651949	8	4.70989e-05	5.21733e-05	1.58106e-05	8.60347e-06	0.000158288	6.19331e-07	0		identifiable	capability
T1	29	Dipole fixed point	1	4	box IC 5	1	1	1	True	1	2	14.0803	7.67345e-07	0.306886	0.0110446	8	0.000622144	2.97357e-05	0.000390232	0.00126513	0.00109641	0.000329213	0		identifiable	capability
T1	29	Dipole fixed point	1	5	box IC 6	1	1	1	True	1	2	14.1847	6.91263e-07	0.359094	0.0129288	8	0.000591837	6.6146e-05	0.000360636	0.00121226	0.00100863	0.000311518	0		identifiable	capability
T1	29	Dipole fixed point	1	6	box IC 7	1	1	1	True	1	2	13.7378	1.08076e-06	0.135643	0.0111513	8	0.000807736	0.000343362	0.000464868	0.00133034	0.00143601	0.000464107	0		identifiable	capability
T1	29	Dipole fixed point	1	7	box IC 8	1	1	1	True	1	2	13.8502	9.65927e-07	0.19181	0.00833053	8	0.000799522	0.000987035	0.000535815	0.000965587	0.00112328	0.000385892	0		identifiable	capability
T1	29	Dipole fixed point	1	8	box IC 9	1	1	1	True	1	2	13.5642	1.28576e-06	0.0488022	0.00992298	8	0.000663308	0.000171473	0.000944302	0.000947368	0.00119399	5.94066e-05	0		identifiable	capability
T1	30	Catalyzing RNA molecules	1	0	IC-1 (ODEBench held-out IC)	1	1	1	True	1	2	14.4633	5.23201e-07	0.347397	0.00109974	8	0.000424421	5.1694e-05	0.000513908	0.000571449	0.000842205	0.000142848	0		identifiable	capability
T1	30	Catalyzing RNA molecules	1	1	box IC 0	1	1	1	True	1	2	22.7454	1.32376e-10	4.48843	0.0151219	8	7.06841e-06	6.32774e-06	1.23083e-05	7.58715e-06	5.42279e-07	8.57654e-06	0		identifiable	capability
T1	30	Catalyzing RNA molecules	1	2	box IC 1	1	1	1	True	1	2	13.7778	1.03848e-06	0.00462339	0.000187966	8	0.000796222	8.60481e-05	0.00115883	0.00045765	0.00152012	0.000758459	0		identifiable	capability
T1	30	Catalyzing RNA molecules	1	3	box IC 2	1	1	1	True	1	2	24.753	1.77783e-11	5.49227	0.0212217	8	2.74774e-06	7.83876e-06	1.63153e-06	2.29244e-06	5.84145e-07	1.39183e-06	0		identifiable	capability
T1	30	Catalyzing RNA molecules	1	4	box IC 3	1	1	1	True	1	2	23.7901	4.65671e-11	5.01081	0.0202222	8	3.64675e-06	9.8514e-06	4.43409e-06	2.21391e-06	6.00339e-07	1.134e-06	0		identifiable	capability
T1	30	Catalyzing RNA molecules	1	5	box IC 4	1	1	1	True	1	2	23.9756	3.86856e-11	5.10352	0.0197649	8	3.22556e-06	1.00365e-05	3.78384e-06	7.72305e-07	1.15711e-06	3.78019e-07	0		identifiable	capability
T1	30	Catalyzing RNA molecules	1	6	box IC 5	1	1	1	True	1	2	19.7449	2.65999e-09	2.98822	0.00224868	8	3.29966e-05	1.87811e-05	5.86304e-05	1.74311e-05	5.34822e-06	6.47922e-05	0		identifiable	capability
T1	30	Catalyzing RNA molecules	1	7	box IC 6	1	1	1	True	1	2	21.7686	3.5156e-10	4.00007	0.00662731	8	1.36199e-05	4.03281e-06	2.67273e-05	9.79807e-06	3.17693e-06	2.43644e-05	0		identifiable	capability
T1	30	Catalyzing RNA molecules	1	8	box IC 7	1	1	1	True	1	2	22.6519	1.4534e-10	4.44172	0.0128975	8	7.68123e-06	4.71496e-06	1.41956e-05	8.76991e-06	3.49478e-07	1.03763e-05	0		identifiable	capability
T1	30	Catalyzing RNA molecules	1	9	box IC 8	1	1	1	True	1	2	24.18	3.15341e-11	5.20572	0.0197964	8	3.05918e-06	8.03932e-06	2.89032e-06	3.78625e-06	1.93617e-07	3.8637e-07	0		identifiable	capability
T1	30	Catalyzing RNA molecules	1	10	box IC 9	1	1	1	True	1	2	21.89	3.11385e-10	4.06074	0.0143464	8	9.25798e-06	5.58835e-06	1.79265e-05	6.24458e-06	9.21817e-07	1.56086e-05	0		identifiable	capability
T1	31	SIR infection	2	0	IC-1 (ODEBench held-out IC)	2	2	2	True	5.00173	2.58854	33.9942	2.15972e-07	3.85117	0.0146732	8	0.000144029	0.000309629	0.000116524	6.61606e-05	8.97496e-05	0.000138084	0		identifiable	capability
T1	31	SIR infection	2	1	box IC 0	2	2	2	True	6.07129	2.56076	32.0672	6.78571e-07	2.88769	0.0159929	8	0.00022467	0.000468529	0.00016429	9.78791e-05	0.000159565	0.000233085	0		identifiable	capability
T1	31	SIR infection	2	2	box IC 1	2	2	2	True	7.98747	2.52565	26.2989	1.57914e-05	0.00355539	0.00668587	8	0.00291694	0.00363778	0.0032342	0.0064215	0.000972495	0.000318738	0		identifiable	capability
T1	31	SIR infection	2	3	box IC 2	2	2	2	True	4.92865	2.59076	34.1842	1.93748e-07	3.94619	0.0145913	8	0.000141127	0.000289996	0.000122121	6.59609e-05	9.53072e-05	0.000132248	0		identifiable	capability
T1	31	SIR infection	2	4	box IC 3	2	2	2	True	4.3039	2.61205	32.8222	3.38418e-07	3.26516	0.0153686	8	0.000171074	0.000376576	0.000119851	0.000103039	8.7892e-05	0.000168012	0		identifiable	capability
T1	31	SIR infection	2	5	box IC 4	2	2	2	True	3.72743	2.63637	32.8367	2.95933e-07	3.27243	0.0157593	8	0.000171704	0.000346218	0.000139358	0.000117418	9.61231e-05	0.000159403	0		identifiable	capability
T1	31	SIR infection	2	6	box IC 5	2	2	2	True	28.1356	2.40829	32.7744	2.1525e-06	3.24126	0.0260106	8	0.000637683	0.00038954	0.000980408	0.000337052	0.00100612	0.000475296	0		identifiable	capability
T1	31	SIR infection	2	7	box IC 6	2	2	2	True	14.6589	2.46166	33.2964	8.66747e-07	3.50229	0.0215523	8	0.000242563	0.000505006	5.60052e-05	0.000182981	0.000129434	0.000339388	0		identifiable	capability
T1	31	SIR infection	2	8	box IC 7	2	2	2	True	7.64078	2.53103	32.5135	6.76556e-07	3.11081	0.0167584	8	0.0002054	0.000435901	0.000141866	7.06129e-05	0.000134833	0.000243789	0		identifiable	capability
T1	31	SIR infection	2	9	box IC 8	2	2	2	True	5.91986	2.56423	33.8571	2.70746e-07	3.78261	0.0149328	8	0.000139942	0.000353314	7.73479e-05	4.7878e-05	6.81212e-05	0.000153049	0		identifiable	capability
T1	31	SIR infection	2	10	box IC 9	2	2	2	True	3.6289	2.64112	29.8661	1.27712e-06	1.7871	0.0174727	8	0.000456896	0.000718998	0.000369608	0.000306743	0.000509298	0.000379834	0		identifiable	capability
T1	32	Damped double well oscillator	1	0	IC-1 (ODEBench held-out IC)	1	1	1	True	1	2	15.6796	1.55034e-07	3.26521	0.0245029	8	0.000469513	0.000522508	0.000185894	0.000200735	0.000730028	0.000708398	0		identifiable	capability
T1	32	Damped double well oscillator	1	1	box IC 0	1	1	1	True	1	2	10.3788	3.10839e-05	0.61483	0.0317041	8	0.00641108	0.000694059	0.00859411	0.00219227	0.0089611	0.0116138	0		identifiable	capability
T1	32	Damped double well oscillator	1	2	box IC 1	1	1	1	True	1	2	15.519	1.82054e-07	3.18489	0.0248922	8	0.000455825	0.000340217	1.0379e-05	0.000123132	0.000928665	0.000876734	0		identifiable	capability
T1	32	Damped double well oscillator	1	3	box IC 2	1	1	1	True	1	2	13.41	1.5001e-06	2.1304	0.0296017	8	0.00137936	0.00178029	0.00257845	0.00107652	0.00115483	0.00030668	0		identifiable	capability
T1	32	Damped double well oscillator	1	4	box IC 3	1	1	1	True	1	2	9.47541	7.67153e-05	0.163148	0.0160987	8	0.012309	0.0110762	0.00574634	0.0142343	0.0151139	0.0153744	0		identifiable	capability
T1	32	Damped double well oscillator	1	5	box IC 4	1	1	1	True	1	2	10.5105	2.72493e-05	0.68066	0.0261741	8	0.00795975	0.00678173	0.00978494	0.00924289	0.00701526	0.00697392	0		identifiable	capability
T1	32	Damped double well oscillator	1	6	box IC 5	1	1	1	True	1	2	14.1082	7.46236e-07	2.47952	0.0432276	8	0.000850064	0.00097526	0.00195556	0.00104178	1.03787e-05	0.000267343	0		identifiable	capability
T1	32	Damped double well oscillator	1	7	box IC 6	1	1	1	True	1	2	14.669	4.25933e-07	2.7599	0.0351058	8	0.000656	0.000338623	0.00123813	0.000617288	0.000629056	0.000456905	0		identifiable	capability
T1	32	Damped double well oscillator	1	8	box IC 7	1	1	1	True	1	2	11.9032	6.76882e-06	1.377	0.0237906	8	0.00307106	0.00188757	0.00498724	0.000287514	0.00390142	0.00429158	0		identifiable	capability
T1	32	Damped double well oscillator	1	9	box IC 8	1	1	1	True	1	2	14.616	4.4913e-07	2.73338	0.0333535	8	0.000673701	0.000567268	0.00139834	0.000726512	0.000364277	0.000312104	0		identifiable	capability
T1	32	Damped double well oscillator	1	10	box IC 9	1	1	1	True	1	2	10.7772	2.08695e-05	0.814025	0.016727	8	0.00317385	0.00461148	0.0050749	0.0018122	0.000956977	0.00341369	0		identifiable	capability
T1	33	Glider	1	0	IC-1 (ODEBench held-out IC)	1	1	1	True	1	2	15.3039	2.25736e-07	1.11683	0.0117331	8	0.0003436	0.000106775	0.000746643	0.000228982	0.000342074	0.000293526	0		identifiable	capability
T1	33	Glider	1	1	box IC 0	1	1	1	True	1	2	14.6957	4.14722e-07	0.81271	0.0104659	8	0.000532192	0.000209584	0.00102741	0.000236203	0.000722737	0.000465021	0		identifiable	capability
T1	33	Glider	1	2	box IC 1	1	1	1	True	1	2	13.0762	2.09445e-06	0.00299295	0.00156746	8	0.00103916	0.00119967	2.54479e-05	0.000589275	0.0023765	0.00100493	0		identifiable	capability
T1	33	Glider	1	3	box IC 2	1	1	1	True	1	2	15.2614	2.35545e-07	1.09556	0.0106622	8	0.000398029	0.000148361	0.000640584	0.00034292	0.000515842	0.000342435	0		identifiable	capability
T1	33	Glider	1	4	box IC 3	1	1	1	True	1	2	14.5068	5.00919e-07	0.718292	0.0090684	8	0.000506966	0.000193668	0.00104268	0.00026911	0.000672772	0.000356596	0		identifiable	capability
T1	33	Glider	1	5	box IC 4	1	1	1	True	1	2	14.258	6.42447e-07	0.593872	0.00802573	8	0.00056822	0.000242479	0.00110698	0.000282314	0.000854715	0.000354612	0		identifiable	capability
T1	33	Glider	1	6	box IC 5	1	1	1	True	1	2	15.3315	2.19583e-07	1.13065	0.0121947	8	0.000387978	0.0001331	0.000774861	0.000212434	0.000453401	0.000366095	0		identifiable	capability
T1	33	Glider	1	7	box IC 6	1	1	1	True	1	2	15.4592	1.93264e-07	1.19449	0.0124414	8	0.000347517	0.000115473	0.000724562	0.00020238	0.000373232	0.000321939	0		identifiable	capability
T1	33	Glider	1	8	box IC 7	1	1	1	True	1	2	15.0336	2.95782e-07	0.981702	0.0113523	8	0.000442866	0.000154485	0.000894429	0.000223549	0.000537616	0.000404254	0		identifiable	capability
T1	33	Glider	1	9	box IC 8	1	1	1	True	1	2	15.4124	2.02535e-07	1.17106	0.0115054	8	0.000320628	0.00010615	0.000616857	0.000296598	0.000326939	0.000256597	0		identifiable	capability
T1	33	Glider	1	10	box IC 9	1	1	1	True	1	2	13.37	1.56122e-06	0.149902	0.00629145	8	0.00077093	0.000802427	0.000944709	1.3652e-05	0.00208082	1.3048e-05	0		identifiable	capability
T1	34	Frictionless bead	1	0	IC-1 (ODEBench held-out IC)	1	1	1	True	1	2	14.7735	3.83645e-07	0.3324	0.0144823	8	0.000557257	4.08238e-05	0.00111193	5.64305e-05	0.000671631	0.00090547	0		identifiable	capability
T1	34	Frictionless bead	1	1	box IC 0	1	1	1	True	1	2	14.2741	6.32173e-07	0.0826769	0.00382752	8	0.000604246	0.000539473	0.000266364	0.000767293	0.000712912	0.000735189	0		identifiable	capability
T1	34	Frictionless bead	1	2	box IC 1	1	1	1	True	1	2	14.4698	5.1983e-07	0.180507	0.00179692	8	0.000298192	0.000783731	3.25862e-05	0.000318774	0.000180179	0.000175688	0		identifiable	capability
T1	34	Frictionless bead	1	3	box IC 2	1	1	1	True	1	2	14.3796	5.68899e-07	0.135407	0.00235421	8	0.000602266	0.000428992	0.000141755	0.000836219	0.000788672	0.00081569	0		identifiable	capability
T1	34	Frictionless bead	1	4	box IC 3	1	1	1	True	1	2	14.7969	3.74782e-07	0.344086	0.00709463	8	0.000194372	0.000440478	5.83e-05	0.000175843	6.72178e-05	0.000230021	0		identifiable	capability
T1	34	Frictionless bead	1	5	box IC 4	1	1	1	True	1	2	14.6968	4.14246e-07	0.294028	0.00356358	8	0.000207057	0.0005401	5.20692e-05	0.000211342	9.33554e-05	0.000138417	0		identifiable	capability
T1	34	Frictionless bead	1	6	box IC 5	1	1	1	True	1	2	14.4953	5.06704e-07	0.193295	0.0027405	8	0.000555555	0.000451844	0.000145112	0.000837814	0.000706831	0.000636172	0		identifiable	capability
T1	34	Frictionless bead	1	7	box IC 6	1	1	1	True	1	2	14.5498	4.79848e-07	0.220523	0.00295945	8	0.00052524	0.00059433	0.0002874	0.000776464	0.000497584	0.000470421	0		identifiable	capability
T1	34	Frictionless bead	1	8	box IC 7	1	1	1	True	1	2	14.4374	5.36921e-07	0.164333	0.00369953	8	0.000511088	0.000572867	9.51184e-05	0.000798241	0.000551136	0.000538077	0		identifiable	capability
T1	34	Frictionless bead	1	9	box IC 8	1	1	1	True	1	2	14.7282	4.01452e-07	0.309714	0.0072133	8	0.000211236	0.000441787	0.000136159	0.000182809	7.91175e-05	0.000216307	0		identifiable	capability
T1	34	Frictionless bead	1	10	box IC 9	1	1	1	True	1	2	14.8266	3.63818e-07	0.358931	0.0119431	8	0.00054159	2.89697e-05	0.00107077	5.95303e-05	0.000655989	0.000892691	0		identifiable	capability
T1	35	Rotational dynamics	1	0	IC-1 (ODEBench held-out IC)	1	1	1	True	1	2	15.0577	2.8876e-07	0.157228	0.00565325	8	0.000468966	0.000385231	0.000281571	0.000786357	0.000787297	0.000104371	0		identifiable	capability
T1	35	Rotational dynamics	1	1	box IC 0	1	1	1	True	1	2	15.1177	2.71938e-07	0.187238	0.0117523	8	0.000558198	0.000901997	0.000333801	0.000725027	0.000556049	0.000274117	0		identifiable	capability
T1	35	Rotational dynamics	1	2	box IC 1	1	1	1	True	1	2	15.7411	1.45796e-07	0.498921	0.00646421	8	0.000378612	2.53003e-05	0.000105934	0.00055838	0.00080337	0.000400075	0		identifiable	capability
T1	35	Rotational dynamics	1	3	box IC 2	1	1	1	True	1	2	15.0995	2.76935e-07	0.178134	0.00562407	8	0.00052469	0.000343673	0.000164084	0.000927629	0.000792369	0.000395695	0		identifiable	capability
T1	35	Rotational dynamics	1	4	box IC 3	1	1	1	True	1	2	15.129	2.68889e-07	0.192877	0.00843393	8	0.0004781	0.000754304	0.000194497	0.000662148	0.000560706	0.000218844	0		identifiable	capability
T1	35	Rotational dynamics	1	5	box IC 4	1	1	1	True	1	2	15.3564	2.14182e-07	0.306612	0.00860069	8	0.000457096	0.000653526	0.000197796	0.000840713	0.000201602	0.000391841	0		identifiable	capability
T1	35	Rotational dynamics	1	6	box IC 5	1	1	1	True	1	2	15.8207	1.34634e-07	0.538746	0.00950627	8	0.000391567	0.000111042	0.000224318	0.00047948	0.00075315	0.000389846	0		identifiable	capability
T1	35	Rotational dynamics	1	7	box IC 6	1	1	1	True	1	2	15.877	1.27262e-07	0.566901	0.0116075	8	0.000359041	0.000153676	0.000580835	0.000361443	0.000542853	0.000156397	0		identifiable	capability
T1	35	Rotational dynamics	1	8	box IC 7	1	1	1	True	1	2	18.134	1.33206e-08	1.69537	0.0727189	8	5.68523e-05	2.70715e-06	0.000101062	9.10779e-05	6.52673e-05	2.41469e-05	0		identifiable	capability
T1	35	Rotational dynamics	1	9	box IC 8	1	1	1	True	1	2	15.8663	1.28639e-07	0.561521	0.0123419	8	0.000332491	0.000105159	0.000628565	0.000325654	0.000501097	0.00010198	0		identifiable	capability
T1	35	Rotational dynamics	1	10	box IC 9	1	1	1	True	1	2	16.0127	1.11114e-07	0.634745	0.0212382	8	0.000427507	0.000272408	0.000507902	0.000886413	0.000373129	9.76843e-05	0		identifiable	capability
T1	36	Pendulum non-linear damping	1	0	IC-1 (ODEBench held-out IC)	1	1	1	True	1	2	8.07531	0.000311126	0.400662	0.0105277	8	0.0188309	0.0195727	0.0393879	0.00776991	0.00787972	0.0195444	0		identifiable	capability
T1	36	Pendulum non-linear damping	1	1	box IC 0	1	1	1	True	1	2	9.57631	6.93521e-05	1.15104	0.0190366	8	0.00987937	0.00844305	0.0215048	0.00739683	0.0036761	0.00837603	0		identifiable	capability
T1	36	Pendulum non-linear damping	1	2	box IC 1	1	1	1	True	1	2	10.7118	2.22807e-05	1.71876	0.0150635	8	0.00375081	0.00201669	0.00934542	0.0059536	0.00022208	0.00121626	0		identifiable	capability
T1	36	Pendulum non-linear damping	1	3	box IC 2	1	1	1	True	1	2	10.7185	2.21316e-05	1.72211	0.0154489	8	0.00520136	0.00422548	0.0101897	0.00263745	0.00310075	0.00585339	0		identifiable	capability
T1	36	Pendulum non-linear damping	1	4	box IC 3	1	1	1	True	1	2	8.44854	0.000214213	0.587229	0.00924862	8	0.00777969	0.00325395	0.0111567	0.00993247	0.0059236	0.00863175	0		identifiable	capability
T1	36	Pendulum non-linear damping	1	5	box IC 4	1	1	1	True	1	2	9.72299	5.98907e-05	1.22438	0.0128206	8	0.00473619	0.000258549	0.0100226	0.00813484	0.00141274	0.00385225	0		identifiable	capability
T1	36	Pendulum non-linear damping	1	6	box IC 5	1	1	1	True	1	2	10.2611	3.49686e-05	1.4934	0.0139905	8	0.00628377	0.00689103	0.012304	0.000991942	0.00432343	0.00690843	0		identifiable	capability
T1	36	Pendulum non-linear damping	1	7	box IC 6	1	1	1	True	1	2	9.88871	5.07442e-05	1.30723	0.0138151	8	0.0068862	0.0074823	0.00943083	0.00274993	0.00615507	0.00861288	0		identifiable	capability
T1	36	Pendulum non-linear damping	1	8	box IC 7	1	1	1	True	1	2	9.823	5.41909e-05	1.27438	0.0152279	8	0.00861047	0.00803056	0.0176702	0.00426921	0.00454633	0.00853601	0		identifiable	capability
T1	36	Pendulum non-linear damping	1	9	box IC 8	1	1	1	True	1	2	7.33787	0.000650434	0.0321114	0.0021614	8	0.0227711	0.0248642	0.0505524	0.021934	0.0122176	0.0042874	0		identifiable	capability
T1	36	Pendulum non-linear damping	1	10	box IC 9	1	1	1	True	1	2	7.30192	0.00067424	0.0141503	0.00185041	8	0.0211727	0.0260685	0.051038	0.0194973	0.00916606	9.36268e-05	0		identifiable	capability
T1	37	Van der Pol oscillator	1	0	IC-1 (ODEBench held-out IC)	1	1	1	True	1	2	14.765	3.86952e-07	0.825373	0.0100529	8	0.00067941	0.00040433	0.000726121	0.000490845	0.000951961	0.000823792	0		identifiable	capability
T1	37	Van der Pol oscillator	1	1	box IC 0	1	1	1	True	1	2	14.6381	4.3929e-07	0.761943	0.0121545	8	0.000606889	0.000297536	0.00173286	0.000587397	0.000309277	0.000107369	0		identifiable	capability
T1	37	Van der Pol oscillator	1	2	box IC 1	1	1	1	True	1	2	16.5577	6.4432e-08	1.72172	0.0170543	8	0.000126521	0.0001358	4.15502e-05	0.00031749	0.000105422	3.2343e-05	0		identifiable	capability
T1	37	Van der Pol oscillator	1	3	box IC 2	1	1	1	True	1	2	15.7078	1.50728e-07	1.29678	0.0140329	8	0.000252212	0.000129183	0.00049346	0.000477302	7.60685e-05	8.5048e-05	0		identifiable	capability
T1	37	Van der Pol oscillator	1	4	box IC 3	1	1	1	True	1	2	13.7177	1.10276e-06	0.30174	0.00620087	8	0.00106723	0.00015673	0.00187572	0.000466275	0.00138471	0.00145271	0		identifiable	capability
T1	37	Van der Pol oscillator	1	5	box IC 4	1	1	1	True	1	2	15.496	1.86278e-07	1.1909	0.0114951	8	0.000392712	0.000300489	0.00110209	8.56171e-05	0.000267295	0.000208065	0		identifiable	capability
T1	37	Van der Pol oscillator	1	6	box IC 5	1	1	1	True	1	2	15.6189	1.64737e-07	1.25235	0.0107767	8	0.00026499	0.000207021	0.000701937	6.79579e-05	8.89848e-05	0.000259049	0		identifiable	capability
T1	37	Van der Pol oscillator	1	7	box IC 6	1	1	1	True	1	2	15.3914	2.06828e-07	1.13858	0.0109629	8	0.000304678	0.000425828	5.94708e-05	0.000454015	0.000476734	0.000107345	0		identifiable	capability
T1	37	Van der Pol oscillator	1	8	box IC 7	1	1	1	True	1	2	15.1185	2.71727e-07	1.00212	0.0122231	8	0.000459239	0.000364769	0.00125485	0.000378229	0.000181941	0.000116408	0		identifiable	capability
T1	37	Van der Pol oscillator	1	9	box IC 8	1	1	1	True	1	2	13.6481	1.18224e-06	0.266939	0.00752922	8	0.000416018	0.00119077	0.000564508	0.00014307	0.000145031	3.6708e-05	0		identifiable	capability
T1	37	Van der Pol oscillator	1	10	box IC 9	1	1	1	True	1	2	13.1423	1.96049e-06	0.0140501	0.00220767	8	0.00124254	0.00126256	0.00093731	0.000986259	0.00137488	0.00165169	0		identifiable	capability
T1	38	Van der Pol oscillator simplified	1	0	IC-1 (ODEBench held-out IC)	1	1	1	True	1	2	15.6457	1.60378e-07	0.538508	0.00904383	8	0.000298202	0.000107328	1.55171e-05	0.000422394	0.000570119	0.000375655	0		identifiable	capability
T1	38	Van der Pol oscillator simplified	1	1	box IC 0	1	1	1	True	1	2	17.4917	2.53193e-08	1.46149	0.0199181	8	0.000107418	5.58429e-05	0.000108585	7.7021e-05	0.000272633	2.30086e-05	0		identifiable	capability
T1	38	Van der Pol oscillator simplified	1	2	box IC 1	1	1	1	True	1	2	16.1792	9.40748e-08	0.805231	0.00289381	8	0.000240916	0.000291109	0.000144404	0.000123586	0.000403753	0.000241727	0		identifiable	capability
T1	38	Van der Pol oscillator simplified	1	3	box IC 2	1	1	1	True	1	2	16.3236	8.1424e-08	0.877441	0.00664659	8	9.51285e-05	0.000113968	0.000223847	6.40748e-05	3.86455e-05	3.51065e-05	0		identifiable	capability
T1	38	Van der Pol oscillator simplified	1	4	box IC 3	1	1	1	True	1	2	16.4332	7.29722e-08	0.932237	0.0112212	8	0.000171473	0.000420537	2.64848e-06	5.37096e-05	0.000154502	0.00022597	0		identifiable	capability
T1	38	Van der Pol oscillator simplified	1	5	box IC 4	1	1	1	True	1	2	17.1754	3.47381e-08	1.30336	0.0117553	8	0.000137032	0.000266015	5.40106e-05	0.000109779	0.000157586	9.7767e-05	0		identifiable	capability
T1	38	Van der Pol oscillator simplified	1	6	box IC 5	1	1	1	True	1	2	18.4792	9.43154e-09	1.95525	0.0189126	8	6.56711e-05	9.46533e-05	4.85572e-05	1.61303e-05	8.38391e-05	8.51757e-05	0		identifiable	capability
T1	38	Van der Pol oscillator simplified	1	7	box IC 6	1	1	1	True	1	2	18.5361	8.91e-09	1.98369	0.0197807	8	3.46383e-05	3.72524e-05	9.12605e-06	2.02808e-05	7.88132e-05	2.77191e-05	0		identifiable	capability
T1	38	Van der Pol oscillator simplified	1	8	box IC 7	1	1	1	True	1	2	18.0204	1.49225e-08	1.72584	0.020507	8	6.12988e-05	2.34602e-05	8.1274e-05	5.0865e-05	0.000137824	1.30702e-05	0		identifiable	capability
T1	38	Van der Pol oscillator simplified	1	9	box IC 8	1	1	1	True	1	2	15.6311	1.62745e-07	0.531184	0.00628022	8	0.00027004	2.52514e-05	0.000404531	0.000524785	0.000107787	0.000287846	0		identifiable	capability
T1	38	Van der Pol oscillator simplified	1	10	box IC 9	1	1	1	True	1	2	15.6604	1.58047e-07	0.545828	0.00861927	8	0.000293194	0.000128855	2.63816e-05	0.000409438	0.000543843	0.00035745	0		identifiable	capability
T1	39	Glycolytic oscillator	2	0	IC-1 (ODEBench held-out IC)	2	2	2	True	25.9463	2.41424	28.3386	1.82421e-05	1.80891	0.0220584	8	0.00178833	0.000692608	0.00385291	0.00283522	0.00138318	0.00017774	0		identifiable	capability
T1	39	Glycolytic oscillator	2	1	box IC 0	2	2	2	True	52.3794	2.36776	29.0881	2.52879e-05	2.18369	0.0120242	8	0.00133958	0.00207758	0.000494596	0.00103753	0.00193519	0.00115299	0		identifiable	capability
T1	39	Glycolytic oscillator	2	2	box IC 1	2	2	2	True	32.8187	2.39744	28.6716	1.95238e-05	1.97542	0.0202044	8	0.00157982	0.000444503	0.00325682	0.0026939	0.00099074	0.000513124	0		identifiable	capability
T1	39	Glycolytic oscillator	2	3	box IC 2	2	2	2	True	72.7933	2.34939	29.4293	2.9627e-05	2.35426	0.00374134	8	0.0012525	0.00320709	0.00216832	0.000247009	0.000296387	0.000343723	0		identifiable	capability
T1	39	Glycolytic oscillator	2	4	box IC 3	2	2	2	True	64.9186	2.35557	29.2065	2.95373e-05	2.24285	0.00564155	8	0.00151404	0.00397671	0.00259965	0.000189539	0.000461031	0.000343261	0		identifiable	capability
T1	39	Glycolytic oscillator	2	5	box IC 4	2	2	2	True	72.4956	2.34961	29.5134	2.82905e-05	2.39633	0.0048394	8	0.00129975	0.00301885	0.00239331	0.000267946	0.000747318	7.13026e-05	0		identifiable	capability
T1	39	Glycolytic oscillator	2	6	box IC 5	2	2	2	True	60.8209	2.35919	29.8817	1.97447e-05	2.58045	0.0126055	8	0.00206505	0.000180685	0.00366561	0.00266789	0.00278337	0.00102771	0		identifiable	capability
T1	39	Glycolytic oscillator	2	7	box IC 6	2	2	2	True	59.8434	2.3601	29.7571	2.06755e-05	2.51819	0.0121567	8	0.00184292	0.000282672	0.00290718	0.00222447	0.00273794	0.00106232	0		identifiable	capability
T1	39	Glycolytic oscillator	2	8	box IC 7	2	2	2	True	54.6398	2.3653	29.3586	2.30414e-05	2.31894	0.0127966	8	0.0015613	0.00124285	0.00154179	0.00151003	0.00237971	0.00113214	0		identifiable	capability
T1	39	Glycolytic oscillator	2	9	box IC 8	2	2	2	True	64.3408	2.35606	29.2302	2.89295e-05	2.25471	0.00639639	8	0.0011955	0.0033847	0.00188751	0.000143463	0.000347519	0.000214331	0		identifiable	capability
T1	39	Glycolytic oscillator	2	10	box IC 9	2	2	2	True	48.3991	2.37246	28.1454	3.74388e-05	1.71234	0.0102374	8	0.00202761	0.00518481	0.00245099	0.000649342	0.0006949	0.00115799	0		identifiable	capability
T1	40	Duffing equation	1	0	IC-1 (ODEBench held-out IC)	1	1	1	True	1	2	13.3542	1.58618e-06	0.121802	0.0170373	8	0.00124114	0.00115214	0.00116118	0.00139931	0.00154362	0.000949438	0		identifiable	capability
T1	40	Duffing equation	1	1	box IC 0	1	1	1	True	1	2	16.9633	4.29481e-08	1.92635	0.0258946	8	0.000253053	0.000184516	0.000505128	0.000317024	0.000113028	0.000145571	0		identifiable	capability
T1	40	Duffing equation	1	2	box IC 1	1	1	1	True	1	2	16.9284	4.44707e-08	1.90893	0.0165258	8	8.87438e-05	0.000102497	0.000104431	0.000199305	6.20092e-06	3.12857e-05	0		identifiable	capability
T1	40	Duffing equation	1	3	box IC 2	1	1	1	True	1	2	16.098	1.02028e-07	1.49372	0.0131996	8	0.000266148	0.000212211	0.000383342	0.00049729	0.000176799	6.10974e-05	0		identifiable	capability
T1	40	Duffing equation	1	4	box IC 3	1	1	1	True	1	2	14.7647	3.87037e-07	0.827084	0.0105381	8	0.000387757	0.000925241	0.000107411	0.000155371	0.000372082	0.000378678	0		identifiable	capability
T1	40	Duffing equation	1	5	box IC 4	1	1	1	True	1	2	16.7644	5.24e-08	1.82689	0.0160176	8	0.000178888	0.000244834	0.00052631	9.18942e-05	1.72741e-07	3.12306e-05	0		identifiable	capability
T1	40	Duffing equation	1	6	box IC 5	1	1	1	True	1	2	17.9948	1.53089e-08	2.44213	0.0211964	8	0.000145558	0.000105092	0.000112237	0.000102215	0.000240357	0.000167886	0		identifiable	capability
T1	40	Duffing equation	1	7	box IC 6	1	1	1	True	1	2	17.6953	2.06553e-08	2.29236	0.0200117	8	0.000158184	4.06827e-05	0.000281375	0.000125039	0.000185348	0.000158478	0		identifiable	capability
T1	40	Duffing equation	1	8	box IC 7	1	1	1	True	1	2	17.5836	2.30966e-08	2.2365	0.0250538	8	0.000181492	5.50319e-05	0.000333074	0.000201213	0.000165772	0.00015237	0		identifiable	capability
T1	40	Duffing equation	1	9	box IC 8	1	1	1	True	1	2	13.4213	1.48322e-06	0.15536	0.00468794	8	0.00122028	0.00102086	0.000471244	0.00198093	0.0016178	0.00101058	0		identifiable	capability
T1	40	Duffing equation	1	10	box IC 9	1	1	1	True	1	2	13.1384	1.96817e-06	0.0139147	0.00171284	8	0.00112988	0.002053	3.10395e-05	0.00217286	0.00122503	0.000167469	0		identifiable	capability
T1	41	Cell cycle model	3	0	IC-1 (ODEBench held-out IC)	3	3	3	True	45.2656	3.37654	37.6063	0.000230619	4.30295	0.210137	8	0.0102574	0.00723892	0.0185684	0.0179958	0.0062159	0.00126794	0		identifiable	capability
T1	41	Cell cycle model	3	1	box IC 0	3	3	3	True	2447.44	3.22786	34.604	0.195416	2.8909	0.04918	8	0.185734	0.375269	0.0511104	0.131258	0.109326	0.261707	0		identifiable	capability
T1	41	Cell cycle model	3	2	box IC 1	3	3	3	True	864.554	3.25401	31.587	0.0840267	1.33349	0.0619139	8	0.172683	0.166507	0.265748	0.17583	0.129412	0.125918	0		identifiable	capability
T1	41	Cell cycle model	3	3	box IC 2	3	3	3	True	1357.92	3.24196	32.6953	0.258211	1.96214	0.0372873	8	2.65591	0.175011	0.359802	12.3686	0.191064	0.185107	0		identifiable	capability
T1	41	Cell cycle model	3	4	box IC 3	3	3	3	True	1369.14	3.24175	32.0829	0.28523	1.66652	0.0347216	8	5.55332	0.126329	0.37255	26.8482	0.204524	0.214986	0		identifiable	capability
T1	41	Cell cycle model	3	5	box IC 4	3	3	3	True	2973.39	3.22355	34.4142	0.252555	2.8193	0.0490322	8	0.959824	0.125921	0.292052	3.87551	0.249059	0.256579	0		identifiable	capability
T1	41	Cell cycle model	3	6	box IC 5	3	3	3	True	3905.19	3.21779	38.9339	0.0397813	4.98609	0.0559605	8	0.130373	0.0771134	0.187857	0.278117	0.0391728	0.069603	0		identifiable	capability
T1	41	Cell cycle model	3	7	box IC 6	3	3	3	True	5522.16	3.21088	38.6751	0.0636028	4.86801	0.0563381	8	0.167934	0.0688193	0.226215	0.385369	0.0466131	0.112651	0		identifiable	capability
T1	41	Cell cycle model	3	8	box IC 7	3	3	3	True	4254.55	3.21604	36.2253	0.157251	3.68532	0.0534417	8	0.148983	0.351817	0.0240467	0.0843791	0.0237516	0.260922	0		identifiable	capability
T1	41	Cell cycle model	3	9	box IC 8	3	3	3	True	4268.99	3.21597	35.2612	0.239186	3.23745	0.053124	8	0.342755	0.204745	0.266231	0.817658	0.200184	0.224956	0		identifiable	capability
T1	41	Cell cycle model	3	10	box IC 9	3	3	3	True	1787.35	3.23517	30.4998	0.485768	0.947455	0.0272163	8	0.465624	0.255057	0.298076	1.27873	0.0858438	0.410411	0		identifiable	capability
T1	42	CDIMA reaction	3	0	IC-1 (ODEBench held-out IC)	3	3	3	True	5.15289	3.58409	46.0886	1.2457e-06	3.3001	0.22235	8	0.000687349	0.000356707	0.000540818	0.000942807	0.00108518	0.000511232	0		identifiable	capability
T1	42	CDIMA reaction	3	1	box IC 0	3	3	3	True	7.84448	3.52783	43.7438	3.86453e-06	2.12767	0.0801468	8	0.000912939	0.00103792	0.000479894	0.00129472	0.000776693	0.000975476	0		identifiable	capability
T1	42	CDIMA reaction	3	2	box IC 1	3	3	3	True	13.598	3.46872	41.7159	1.53144e-05	1.11373	0.0259428	8	0.00164957	0.00101222	0.00412267	0.00142268	0.00117179	0.000518477	0		identifiable	capability
T1	42	CDIMA reaction	3	3	box IC 2	3	3	3	True	5.05026	3.58709	46.4931	1.07244e-06	3.50235	0.217979	8	0.000605645	0.000311288	0.000512051	0.000793833	0.000930829	0.000480222	0		identifiable	capability
T1	42	CDIMA reaction	3	4	box IC 3	3	3	3	True	3.66833	3.63919	45.2694	1.32611e-06	2.89048	0.166689	8	0.00063339	0.000344852	0.000429556	0.000793338	0.00106362	0.000535578	0		identifiable	capability
T1	42	CDIMA reaction	3	5	box IC 4	3	3	3	True	2.77478	3.69289	45.2179	1.15177e-06	2.86472	0.114091	8	0.000670303	0.000456967	0.000502581	0.000616578	0.00093404	0.000841348	0		identifiable	capability
T1	42	CDIMA reaction	3	6	box IC 5	3	3	3	True	11.4219	3.48597	43.0742	9.4744e-06	1.79288	0.0321599	8	0.00117165	0.000607076	0.00233301	0.00168571	0.000373132	0.000859343	0		identifiable	capability
T1	42	CDIMA reaction	3	7	box IC 6	3	3	3	True	11.165	3.48831	43.1563	8.8979e-06	1.83392	0.033655	8	0.00120876	0.000681013	0.00204405	0.00187673	0.000353397	0.00108862	0		identifiable	capability
T1	42	CDIMA reaction	3	8	box IC 7	3	3	3	True	9.31376	3.50784	43.3409	5.8719e-06	1.92625	0.0495885	8	0.00113096	0.000988591	0.00093623	0.00182232	0.000555553	0.00135212	0		identifiable	capability
T1	42	CDIMA reaction	3	9	box IC 8	3	3	3	True	9.4591	3.50611	46.1932	1.85116e-06	3.35239	0.244301	8	0.000797018	0.000750741	0.000362922	0.00137356	0.00100082	0.000497045	0		identifiable	capability
T1	42	CDIMA reaction	3	10	box IC 9	3	3	3	True	5.68883	3.56979	44.2278	2.4708e-06	2.36969	0.194297	8	0.000908815	0.00103713	0.000299997	0.000947895	0.00156579	0.000693264	0		identifiable	capability
T1	43	Driven pendulum linear damping	2	0	IC-1 (ODEBench held-out IC)	2	2	2	True	5.40378	2.57713	32.4707	4.97053e-07	2.19945	0.019653	8	0.00047634	0.000145767	0.000539088	0.000588041	0.000340545	0.000768258	0		identifiable	capability
T1	43	Driven pendulum linear damping	2	1	box IC 0	2	2	2	True	3.53401	2.64588	33.1977	2.36015e-07	2.56293	0.0259968	8	0.000342921	3.7872e-05	0.000975367	0.000135672	0.000201105	0.000364587	0		identifiable	capability
T1	43	Driven pendulum linear damping	2	2	box IC 1	2	2	2	True	2.25555	2.73896	34.9866	6.82256e-08	3.4574	0.0254009	8	0.000174746	3.68754e-05	0.000446408	7.40473e-05	0.000110839	0.000205562	0		identifiable	capability
T1	43	Driven pendulum linear damping	2	3	box IC 2	2	2	2	True	2.53437	2.71232	35.1659	6.76899e-08	3.54708	0.0310933	8	0.000177374	3.90032e-05	0.000392314	0.000109935	0.000115316	0.000230304	0		identifiable	capability
T1	43	Driven pendulum linear damping	2	4	box IC 3	2	2	2	True	3.16626	2.66642	33.9765	1.45857e-07	2.95238	0.0345281	8	0.000261922	2.93526e-05	0.000612482	0.000122853	0.000164781	0.000380142	0		identifiable	capability
T1	43	Driven pendulum linear damping	2	5	box IC 4	2	2	2	True	2.63221	2.70407	35.2563	6.65381e-08	3.59224	0.0380422	8	0.000171813	3.63037e-05	0.000387455	0.000103129	0.000106872	0.000225304	0		identifiable	capability
T1	43	Driven pendulum linear damping	2	6	box IC 5	2	2	2	True	2.17619	2.74755	34.9588	6.756e-08	3.44351	0.0305401	8	0.000169416	3.18428e-05	0.000449446	6.665e-05	0.000101819	0.000197323	0		identifiable	capability
T1	43	Driven pendulum linear damping	2	7	box IC 6	2	2	2	True	2.18481	2.7466	34.8381	7.19489e-08	3.38315	0.0308196	8	0.000177443	3.36423e-05	0.000469368	7.01068e-05	0.000107778	0.000206319	0		identifiable	capability
T1	43	Driven pendulum linear damping	2	8	box IC 7	2	2	2	True	2.5768	2.70868	34.0258	1.21173e-07	2.97699	0.0290263	8	0.000238862	3.41835e-05	0.000659039	7.81833e-05	0.000146792	0.000276111	0		identifiable	capability
T1	43	Driven pendulum linear damping	2	9	box IC 8	2	2	2	True	8.4273	2.51929	31.7901	1.06816e-06	1.85914	0.015156	8	0.000668239	2.56069e-05	0.00120199	0.000566994	0.000399897	0.00114671	0		identifiable	capability
T1	43	Driven pendulum linear damping	2	10	box IC 9	2	2	2	True	7.73001	2.52961	31.6503	1.05342e-06	1.78928	0.0148426	8	0.000611177	0.000286309	0.000609374	0.00117505	0.00026659	0.000718567	0		identifiable	capability
T1	44	Driven pendulum quadratic damping	2	0	IC-1 (ODEBench held-out IC)	2	2	2	True	4.36142	2.60989	32.4802	4.06348e-07	3.22862	0.0609404	8	0.00045598	0.000182567	0.000403989	0.000511543	0.000437464	0.000744337	0		identifiable	capability
T1	44	Driven pendulum quadratic damping	2	1	box IC 0	2	2	2	True	3.01168	2.67622	33.3198	1.94499e-07	3.64845	0.0960993	8	0.00032175	8.45012e-05	0.000811373	0.000289538	0.000139276	0.000284061	0		identifiable	capability
T1	44	Driven pendulum quadratic damping	2	2	box IC 1	2	2	2	True	1.53822	2.84245	35.3983	4.50257e-08	4.6877	0.118327	8	0.000132015	3.7723e-05	0.000313022	0.00010923	7.81067e-05	0.000121994	0		identifiable	capability
T1	44	Driven pendulum quadratic damping	2	3	box IC 2	2	2	2	True	1.61773	2.82719	35.2601	4.9296e-08	4.61859	0.131638	8	0.000148219	4.42337e-05	0.000334419	9.74579e-05	9.50562e-05	0.000169927	0		identifiable	capability
T1	44	Driven pendulum quadratic damping	2	4	box IC 3	2	2	2	True	2.20615	2.74425	33.8971	1.1591e-07	3.93709	0.115796	8	0.000240251	4.36008e-05	0.000584336	0.00010377	0.000149372	0.000320177	0		identifiable	capability
T1	44	Driven pendulum quadratic damping	2	5	box IC 4	2	2	2	True	1.57638	2.83496	35.271	4.84774e-08	4.62403	0.150779	8	0.00014095	3.89417e-05	0.000326142	9.78419e-05	8.67116e-05	0.000155115	0		identifiable	capability
T1	44	Driven pendulum quadratic damping	2	6	box IC 5	2	2	2	True	1.45033	2.86098	35.3969	4.40593e-08	4.68698	0.144926	8	0.00012672	4.32228e-05	0.000295067	0.000127671	6.65492e-05	0.000101088	0		identifiable	capability
T1	44	Driven pendulum quadratic damping	2	7	box IC 6	2	2	2	True	1.44045	2.86319	35.2493	4.73193e-08	4.61319	0.14193	8	0.000135843	4.47723e-05	0.000318254	0.000131698	7.15033e-05	0.000112989	0		identifiable	capability
T1	44	Driven pendulum quadratic damping	2	8	box IC 7	2	2	2	True	1.79484	2.79743	34.306	8.35578e-08	4.14152	0.122977	8	0.000201097	5.95523e-05	0.000489061	0.00018946	9.40556e-05	0.000173356	0		identifiable	capability
T1	44	Driven pendulum quadratic damping	2	9	box IC 8	2	2	2	True	9.02147	2.51144	31.3254	1.43999e-06	2.65122	0.0346031	8	0.00089969	0.000351005	0.00101726	0.000932297	0.000698564	0.00149932	0		identifiable	capability
T1	44	Driven pendulum quadratic damping	2	10	box IC 9	2	2	2	True	8.19699	2.52256	31.4291	1.24543e-06	2.7031	0.0424257	8	0.000874751	0.000575436	0.000874347	0.00141417	0.000500098	0.0010097	0		identifiable	capability
T1	45	Gray-Scott model	2	0	IC-1 (ODEBench held-out IC)	2	2	2	True	7.92756	2.52655	25.8916	1.9218e-05	2.02382	0.0132371	8	0.00212775	0.00283458	0.00380584	0.000534384	0.00133293	0.00213104	0		identifiable	capability
T1	45	Gray-Scott model	2	1	box IC 0	2	2	2	True	1.72472	2.80859	25.61	6.33064e-06	1.883	0.0052373	8	0.00157267	0.00116149	0.00195846	0.00178508	0.00169807	0.00126024	0		identifiable	capability
T1	45	Gray-Scott model	2	2	box IC 1	2	2	2	True	14.8956	2.46018	23.8365	9.97654e-05	0.996315	0.0272768	8	0.0047232	0.0110809	0.00289253	0.00321692	0.00450951	0.00191618	0		identifiable	capability
T1	45	Gray-Scott model	2	3	box IC 2	2	2	2	True	10.5842	2.49391	30.1394	3.04677e-06	4.1477	0.0052428	8	0.000584179	0.000467562	0.0012735	0.000820189	0.000155213	0.00020443	0		identifiable	capability
T1	45	Gray-Scott model	2	4	box IC 3	2	2	2	True	11.1163	2.48877	29.36	4.72091e-06	3.758	0.00635338	8	0.000596002	0.0002262	0.00044317	0.0013352	2.04714e-05	0.00095497	0		identifiable	capability
T1	45	Gray-Scott model	2	5	box IC 4	2	2	2	True	14.4907	2.46273	29.4079	5.98845e-06	3.78196	0.006575	8	0.000767224	0.00043095	0.000914637	0.0017948	9.76477e-05	0.000598086	0		identifiable	capability
T1	45	Gray-Scott model	2	6	box IC 5	2	2	2	True	11.0827	2.48908	23.2212	0.000101333	0.688661	0.0058265	8	0.00466358	0.0110678	0.00254819	0.00384858	0.00474436	0.00110898	0		identifiable	capability
T1	45	Gray-Scott model	2	7	box IC 6	2	2	2	True	11.762	2.48298	23.4606	9.53266e-05	0.808341	0.0062848	8	0.00401368	0.0112538	0.0010708	0.00214815	0.00409132	0.00150436	0		identifiable	capability
T1	45	Gray-Scott model	2	8	box IC 7	2	2	2	True	3.55369	2.64488	24.7358	1.63102e-05	1.44593	0.00482685	8	0.00242118	0.00343058	0.00393184	0.00209291	0.00188679	0.000763785	0		identifiable	capability
T1	45	Gray-Scott model	2	9	box IC 8	2	2	2	True	6.31004	2.55555	29.9411	2.03789e-06	4.04856	0.00520351	8	0.000285903	0.000267674	0.000266335	0.000267703	0.000102235	0.00052557	0		identifiable	capability
T1	45	Gray-Scott model	2	10	box IC 9	2	2	2	True	10.2074	2.49778	26.9134	1.47535e-05	2.53472	0.00973983	8	0.00208293	0.00242256	0.00170199	0.00159899	0.0020484	0.0026427	0		identifiable	capability
T1	46	Interacting bar magnets	1	0	IC-1 (ODEBench held-out IC)	1	1	1	True	1	2	17.0811	3.81736e-08	0.537309	0.00199401	8	0.000108278	0.000110179	0.000131666	1.16658e-05	0.000203266	8.46123e-05	0		identifiable	capability
T1	46	Interacting bar magnets	1	1	box IC 0	1	1	1	True	1	2	17.3571	2.89677e-08	0.67529	0.0019136	8	0.00011434	0.000164231	0.000184909	7.44063e-05	9.6594e-05	5.15581e-05	0		identifiable	capability
T1	46	Interacting bar magnets	1	2	box IC 1	1	1	1	True	1	2	17.5981	2.27645e-08	0.79578	0.000769015	8	0.000139458	0.000112944	0.000210891	0.000161256	8.75418e-05	0.000124656	0		identifiable	capability
T1	46	Interacting bar magnets	1	3	box IC 2	1	1	1	True	1	2	18.4036	1.01722e-08	1.19855	0.0014771	8	5.71954e-05	5.40698e-06	0.000112669	7.11592e-05	7.68349e-05	1.99064e-05	0		identifiable	capability
T1	46	Interacting bar magnets	1	4	box IC 3	1	1	1	True	1	2	17.203	3.37942e-08	0.598236	0.00172715	8	9.6141e-05	8.75762e-05	0.000131979	4.53926e-06	0.000186832	6.97784e-05	0		identifiable	capability
T1	46	Interacting bar magnets	1	5	box IC 4	1	1	1	True	1	2	17.3826	2.82389e-08	0.68803	0.000893099	8	8.60294e-05	7.23858e-05	0.000138499	5.57997e-05	0.000161214	2.24861e-06	0		identifiable	capability
T1	46	Interacting bar magnets	1	6	box IC 5	1	1	1	True	1	2	18.0946	1.38557e-08	1.04403	0.00114345	8	4.94736e-05	7.85575e-06	8.84147e-05	3.03652e-05	0.000103286	1.74465e-05	0		identifiable	capability
T1	46	Interacting bar magnets	1	7	box IC 6	1	1	1	True	1	2	17.8729	1.72938e-08	0.933207	0.0011018	8	5.26916e-05	9.51465e-06	6.92893e-05	9.06337e-07	0.000127926	5.58222e-05	0		identifiable	capability
T1	46	Interacting bar magnets	1	8	box IC 7	1	1	1	True	1	2	16.8271	4.92126e-08	0.410306	0.000790597	8	0.000228266	0.000301724	0.000244724	0.000273743	0.000145411	0.000175728	0		identifiable	capability
T1	46	Interacting bar magnets	1	9	box IC 8	1	1	1	True	1	2	17.0522	3.92933e-08	0.522854	0.00155397	8	0.000119878	0.000164695	0.000232562	1.93696e-05	0.000170613	1.21479e-05	0		identifiable	capability
T1	46	Interacting bar magnets	1	10	box IC 9	1	1	1	True	1	2	16.9531	4.3389e-08	0.473278	0.00191392	8	0.000129417	0.000143827	0.000145741	2.93884e-05	0.000221211	0.000106918	0		identifiable	capability
T1	47	Binocular rivalry model	2	0	IC-1 (ODEBench held-out IC)	2	2	2	True	9.99321	2.50007	25.0205	3.72314e-05	0.0131765	5.75148e-05	8	0.00442952	0.00718309	0.00527049	0.00083423	0.00399214	0.00486763	0		identifiable	capability
T1	47	Binocular rivalry model	2	1	box IC 0	2	2	2	True	9.90401	2.50105	25.0427	3.64977e-05	0.0242927	0.000188512	8	0.00453015	0.00772595	0.00497982	0.00107372	0.00376116	0.00511009	0		identifiable	capability
T1	47	Binocular rivalry model	2	2	box IC 1	2	2	2	True	5.99127	2.56258	27.1836	7.702e-06	1.09475	0.0240258	8	0.00116688	0.0021265	0.000661935	0.00200376	0.000793148	0.000249032	0		identifiable	capability
T1	47	Binocular rivalry model	2	3	box IC 2	2	2	2	True	10.0915	2.49901	24.9961	3.80501e-05	0.0010198	1.44737e-05	8	0.00439069	0.0072122	0.00609948	0.000285398	0.00384588	0.00451048	0		identifiable	capability
T1	47	Binocular rivalry model	2	4	box IC 3	2	2	2	True	9.9354	2.5007	25.0356	3.6741e-05	0.0207482	8.47153e-05	8	0.00441389	0.00709077	0.00494915	0.00107918	0.00398948	0.00496085	0		identifiable	capability
T1	47	Binocular rivalry model	2	5	box IC 4	2	2	2	True	9.7561	2.5027	25.0864	3.51864e-05	0.0461427	0.000104003	8	0.00429334	0.00670683	0.0041556	0.00161607	0.00387956	0.00510866	0		identifiable	capability
T1	47	Binocular rivalry model	2	6	box IC 5	2	2	2	True	2.97117	2.67892	27.5606	3.42632e-06	1.28322	0.00402212	8	0.000879009	0.000925098	0.00168113	0.000274896	0.000401632	0.00111228	0		identifiable	capability
T1	47	Binocular rivalry model	2	7	box IC 6	2	2	2	True	5.30962	2.57969	27.2852	6.53581e-06	1.14552	0.0033153	8	0.000866285	0.00161189	0.00110335	0.00033725	0.000301118	0.000977821	0		identifiable	capability
T1	47	Binocular rivalry model	2	8	box IC 7	2	2	2	True	9.26515	2.50843	25.2938	3.01584e-05	0.149833	0.000584603	8	0.00416666	0.00655366	0.00580486	0.000359068	0.00272717	0.00538855	0		identifiable	capability
T1	47	Binocular rivalry model	2	9	box IC 8	2	2	2	True	10.0962	2.49896	24.995	3.80885e-05	0.000469752	1.46677e-05	8	0.00439053	0.00719549	0.00618471	0.000304667	0.00381018	0.0044576	0		identifiable	capability
T1	47	Binocular rivalry model	2	10	box IC 9	2	2	2	True	9.69658	2.50337	25.5886	2.721e-05	0.29722	0.000808428	8	0.00238256	0.00244656	0.00387882	0.000697288	0.00138725	0.00350287	0		identifiable	capability
T1	48	Bacterial respiration model	3	0	IC-1 (ODEBench held-out IC)	3	3	3	True	28.9436	3.40625	46.4344	6.30823e-06	2.306	0.0177806	8	0.00105563	0.00106092	0.000142566	0.00225072	0.00119429	0.000629672	0		identifiable	capability
T1	48	Bacterial respiration model	3	1	box IC 0	3	3	3	True	33.9493	3.39513	46.1918	8.36122e-06	2.18472	0.0154304	8	0.00114554	0.000711287	0.000391558	0.00278877	0.00126356	0.000572524	0		identifiable	capability
T1	48	Bacterial respiration model	3	2	box IC 1	3	3	3	True	28.4743	3.40742	46.4733	5.80492e-06	2.32547	0.0209042	8	0.000896599	0.00061761	0.000142817	0.00224647	0.00119821	0.000277885	0		identifiable	capability
T1	48	Bacterial respiration model	3	3	box IC 2	3	3	3	True	37.122	3.38916	46.4262	8.67515e-06	2.30189	0.00954678	8	0.00137621	0.00202383	0.00179126	0.0024258	0.000133213	0.000506961	0		identifiable	capability
T1	48	Bacterial respiration model	3	4	box IC 3	3	3	3	True	42.7985	3.38002	46.1676	1.12269e-05	2.17262	0.0112358	8	0.00166485	0.0028212	0.00204067	0.00268069	0.000126358	0.000655329	0		identifiable	capability
T1	48	Bacterial respiration model	3	5	box IC 4	3	3	3	True	35.6447	3.39185	46.9466	6.69687e-06	2.5621	0.013641	8	0.00144351	0.00278172	0.00171365	0.00118564	0.000645622	0.000890937	0		identifiable	capability
T1	48	Bacterial respiration model	3	6	box IC 5	3	3	3	True	24.1723	3.41958	46.7229	4.60023e-06	2.45026	0.0200037	8	0.000977178	0.00124505	0.000191048	0.00173691	0.00107462	0.000638264	0		identifiable	capability
T1	48	Bacterial respiration model	3	7	box IC 6	3	3	3	True	24.8122	3.41759	46.6807	4.82372e-06	2.42913	0.0190928	8	0.00099217	0.0012411	0.00017511	0.00180154	0.00109721	0.000645898	0		identifiable	capability
T1	48	Bacterial respiration model	3	8	box IC 7	3	3	3	True	29.2134	3.40558	46.4209	6.42684e-06	2.29925	0.0169053	8	0.00106418	0.00105031	0.000155478	0.00228608	0.00119826	0.000630783	0		identifiable	capability
T1	48	Bacterial respiration model	3	9	box IC 8	3	3	3	True	37.3742	3.38872	46.1	9.82749e-06	2.13882	0.0112226	8	0.00116971	0.000387061	0.000980859	0.00318988	0.000998154	0.000292614	0		identifiable	capability
T1	48	Bacterial respiration model	3	10	box IC 9	3	3	3	True	46.3039	3.37515	46.0022	1.27782e-05	2.08992	0.0152805	8	0.00140152	0.00273192	0.00158892	0.00195657	0.000297328	0.000432857	0		identifiable	capability
T1	49	Brusselator	2	0	IC-1 (ODEBench held-out IC)	2	2	2	True	4.19371	2.6163	31.4996	6.40581e-07	3.5304	0.125432	8	0.000575694	0.000405976	0.000769797	0.000448302	0.00101433	0.000240061	0		identifiable	capability
T1	49	Brusselator	2	1	box IC 0	2	2	2	True	1.89344	2.78293	31.4847	3.52598e-07	3.52297	0.0616754	8	0.000284519	0.000600464	0.000225612	0.000361704	0.000161448	7.33688e-05	0		identifiable	capability
T1	49	Brusselator	2	2	box IC 1	2	2	2	True	3.79989	2.633	24.7445	1.72051e-05	0.152864	0.00574195	8	0.00190865	0.0010826	0.00344339	0.00169351	0.00155968	0.00176407	0		identifiable	capability
T1	49	Brusselator	2	3	box IC 2	2	2	2	True	20.2299	2.43365	34.7329	5.81964e-07	5.14708	0.0956376	8	0.000435161	0.000446679	0.000326559	0.000332001	0.000682511	0.000388055	0		identifiable	capability
T1	49	Brusselator	2	4	box IC 3	2	2	2	True	9.35931	2.50729	33.3236	5.4961e-07	4.4424	0.10493	8	0.000405488	0.000246834	0.000314459	0.000781308	0.000502432	0.000182408	0		identifiable	capability
T1	49	Brusselator	2	5	box IC 4	2	2	2	True	19.1808	2.43805	34.5487	6.05175e-07	5.05499	0.119928	8	0.000449039	0.000347493	0.000347229	0.000862515	0.00050383	0.000184128	0		identifiable	capability
T1	49	Brusselator	2	6	box IC 5	2	2	2	True	3.98091	2.62501	33.585	2.15607e-07	4.57312	0.0544406	8	0.000230504	9.91367e-05	0.000391424	0.000168202	0.000347858	0.0001459	0		identifiable	capability
T1	49	Brusselator	2	7	box IC 6	2	2	2	True	3.14142	2.66795	34.0881	1.37062e-07	4.82464	0.0553433	8	0.000177335	0.000105395	0.00031847	0.000121553	0.000246626	9.46281e-05	0		identifiable	capability
T1	49	Brusselator	2	8	box IC 7	2	2	2	True	1.32541	2.89099	32.8354	1.54141e-07	4.19833	0.0503489	8	0.000189345	0.000238553	0.000258088	0.000190449	0.000184835	7.48014e-05	0		identifiable	capability
T1	49	Brusselator	2	9	box IC 8	2	2	2	True	5.82496	2.56648	32.3014	5.80417e-07	3.93134	0.0993037	8	0.000419108	0.000291905	0.000312806	0.000578363	0.000610036	0.000302432	0		identifiable	capability
T1	49	Brusselator	2	10	box IC 9	2	2	2	True	5.58467	2.57241	30.2091	1.58815e-06	2.88514	0.207339	8	0.000846905	0.00124685	0.000618098	0.000924522	0.00134618	9.88737e-05	0		identifiable	capability
T1	50	Schnackenberg model	2	0	IC-1 (ODEBench held-out IC)	2	2	2	True	4.51266	2.60444	34.0413	1.91991e-07	2.28519	0.0106269	8	0.000223045	0.000157345	0.000123542	0.0002865	0.00047634	7.14965e-05	0		identifiable	capability
T1	50	Schnackenberg model	2	1	box IC 0	2	2	2	True	4.47764	2.60568	33.766	2.1877e-07	2.14756	0.00829811	8	0.00029266	0.000288107	0.000210604	0.000315685	0.000571558	7.73468e-05	0		identifiable	capability
T1	50	Schnackenberg model	2	2	box IC 1	2	2	2	True	1.67847	2.81638	30.7498	4.78183e-07	0.63947	0.0169006	8	0.000321716	0.000513892	0.000283765	0.0002212	0.000405577	0.000184144	0		identifiable	capability
T1	50	Schnackenberg model	2	3	box IC 2	2	2	2	True	4.46847	2.606	33.6919	2.2661e-07	2.1105	0.00192937	8	0.000332814	0.000424919	0.000364135	0.000367748	0.000414132	9.31356e-05	0		identifiable	capability
T1	50	Schnackenberg model	2	4	box IC 3	2	2	2	True	4.30006	2.61219	33.8296	2.0434e-07	2.17932	0.00334682	8	0.000323946	0.000440625	0.000282577	0.000284757	0.000518982	9.2789e-05	0		identifiable	capability
T1	50	Schnackenberg model	2	5	box IC 4	2	2	2	True	4.12094	2.6192	34.0031	1.80368e-07	2.26611	0.00268956	8	0.00031284	0.00045635	0.000287982	0.000241256	0.000453277	0.000125335	0		identifiable	capability
T1	50	Schnackenberg model	2	6	box IC 5	2	2	2	True	4.4636	2.60618	33.5966	2.3744e-07	2.06283	0.00818589	8	0.000301883	0.000304904	0.000226463	0.000329933	0.000557083	9.10311e-05	0		identifiable	capability
T1	50	Schnackenberg model	2	7	box IC 6	2	2	2	True	4.49229	2.60516	33.5997	2.38441e-07	2.06442	0.00782208	8	0.00031153	0.000321938	0.000247674	0.000332657	0.000563342	9.20416e-05	0		identifiable	capability
T1	50	Schnackenberg model	2	8	box IC 7	2	2	2	True	4.49307	2.60513	33.6765	2.29503e-07	2.10278	0.00837839	8	0.000305318	0.000314538	0.000234597	0.000326147	0.00056847	8.28389e-05	0		identifiable	capability
T1	50	Schnackenberg model	2	9	box IC 8	2	2	2	True	4.4977	2.60496	33.6323	2.34847e-07	2.0807	0.00329303	8	0.000339366	0.000425492	0.000340539	0.000346219	0.000499668	8.49124e-05	0		identifiable	capability
T1	50	Schnackenberg model	2	10	box IC 9	2	2	2	True	4.83048	2.59383	35.1912	1.14961e-07	2.86013	0.0150303	8	0.000142415	5.62178e-05	0.000248047	0.00011001	0.000201876	9.59255e-05	0		identifiable	capability
T1	51	Oscillator death model	2	0	IC-1 (ODEBench held-out IC)	2	2	2	True	1.82383	2.79303	32.2444	2.36239e-07	1.00204	0.0100036	8	0.000212515	0.000198054	0.000351452	9.27246e-05	0.000315129	0.000105214	0		identifiable	capability
T1	51	Oscillator death model	2	1	box IC 0	2	2	2	True	1.36917	2.87993	32.9392	1.47726e-07	1.34945	0.0143767	8	0.00019938	0.000283833	5.37399e-05	0.000222738	0.000227357	0.000209233	0		identifiable	capability
T1	51	Oscillator death model	2	2	box IC 1	2	2	2	True	1.91526	2.77989	31.9625	2.79487e-07	0.861066	0.00560793	8	0.000197508	0.000196743	0.000303135	9.01517e-05	0.000289299	0.000108214	0		identifiable	capability
T1	51	Oscillator death model	2	3	box IC 2	2	2	2	True	2.19434	2.74554	32.6889	2.11321e-07	1.2243	0.00632261	8	0.000257142	0.000248288	0.000150322	0.000262875	0.000341157	0.000283065	0		identifiable	capability
T1	51	Oscillator death model	2	4	box IC 3	2	2	2	True	2.12047	2.7539	31.8829	3.09288e-07	0.821278	0.00622133	8	0.00022978	0.000195282	0.00019581	0.000181324	0.000331928	0.000244557	0		identifiable	capability
T1	51	Oscillator death model	2	5	box IC 4	2	2	2	True	1.22631	2.91861	32.1564	2.12483e-07	0.958048	0.00637365	8	0.000257673	0.000293854	0.000120329	0.000328089	0.000247281	0.000298811	0		identifiable	capability
T1	51	Oscillator death model	2	6	box IC 5	2	2	2	True	1.5643	2.8373	32.445	1.98508e-07	1.10234	0.00548146	8	0.000224372	0.000208692	0.000314648	0.000106222	0.000350466	0.000141833	0		identifiable	capability
T1	51	Oscillator death model	2	7	box IC 6	2	2	2	True	1.56431	2.83729	32.2614	2.17602e-07	1.01051	0.00490275	8	0.000208009	0.000220656	0.000370833	8.68745e-05	0.000286023	7.56604e-05	0		identifiable	capability
T1	51	Oscillator death model	2	8	box IC 7	2	2	2	True	1.10611	2.95804	32.3411	1.90747e-07	1.05037	0.00774741	8	0.000214631	0.000274155	0.000195137	0.000145649	0.00029204	0.000166172	0		identifiable	capability
T1	51	Oscillator death model	2	9	box IC 8	2	2	2	True	1.50723	2.84877	31.6169	2.95855e-07	0.688278	0.00708167	8	0.000247465	0.000277283	0.000112595	0.000245926	0.000318393	0.000283131	0		identifiable	capability
T1	51	Oscillator death model	2	10	box IC 9	2	2	2	True	2.14026	2.75162	32.7632	2.00353e-07	1.26141	0.013708	8	0.000248719	0.000213058	0.000166607	0.000234887	0.000363064	0.000265977	0		identifiable	capability
T1	52	Maxwell-Bloch equations	4	0	IC-1 (ODEBench held-out IC)	4	4	4	True	18.1254	4.44281	55.0115	5.44268e-05	1.98339	0.00604268	8	0.0023733	0.00211771	0.00668416	0.000958428	0.000641054	0.00146515	0		identifiable	capability
T1	52	Maxwell-Bloch equations	4	1	box IC 0	4	4	4	True	18.983	4.43891	66.5884	3.30047e-06	7.77181	0.0603558	8	0.00106048	0.00225059	0.00199916	0.000393657	0.000378876	0.000280146	0		identifiable	capability
T1	52	Maxwell-Bloch equations	4	2	box IC 1	4	4	4	True	19.7198	4.43575	76.0696	1.58249e-07	12.5124	0.0437943	8	0.000175675	0.000101987	0.000164532	0.00010318	0.000490875	1.78007e-05	0		identifiable	capability
T1	52	Maxwell-Bloch equations	4	3	box IC 2	4	4	4	True	23.7894	4.42081	56.8377	5.38605e-05	2.89646	0.00826851	8	0.00306588	0.00136878	0.00779115	0.000867552	0.00486494	0.00043698	0		identifiable	capability
T1	52	Maxwell-Bloch equations	4	4	box IC 3	4	4	4	True	16.0911	4.45319	71.333	3.5674e-07	10.1441	0.0492325	8	0.000322043	0.00058552	0.000425542	0.000244977	0.00019421	0.000159968	0		identifiable	capability
T1	52	Maxwell-Bloch equations	4	5	box IC 4	4	4	4	True	27.6231	4.40962	75.6858	3.18818e-07	12.3205	0.0376866	8	0.000298392	0.000496397	0.000471703	0.000132736	0.000223011	0.000168115	0		identifiable	capability
T1	52	Maxwell-Bloch equations	4	6	box IC 5	4	4	4	True	29.3915	4.40515	73.4334	6.84556e-07	11.1943	0.0344751	8	0.000449861	0.000575212	0.000477417	0.000178521	0.00096587	5.22845e-05	0		identifiable	capability
T1	52	Maxwell-Bloch equations	4	7	box IC 6	4	4	4	True	6.75717	4.54652	63.2477	2.03974e-06	6.10148	0.0920055	8	0.00098505	0.00180857	0.000949699	0.000869546	0.00117198	0.000125456	0		identifiable	capability
T1	52	Maxwell-Bloch equations	4	8	box IC 7	4	4	4	True	27.5745	4.40975	71.0316	1.10375e-06	9.99339	0.0335161	8	0.000522125	0.000530065	0.000575384	0.000145931	0.00131168	4.75638e-05	0		identifiable	capability
T1	52	Maxwell-Bloch equations	4	9	box IC 8	4	4	4	True	18.7154	4.4401	65.3795	2.8105e-06	7.16735	0.0484476	8	0.000817029	0.000443833	0.000378148	0.000672228	0.00229364	0.000297301	0		identifiable	capability
T1	52	Maxwell-Bloch equations	4	10	box IC 9	4	4	4	True	30.7292	4.402	68.9098	2.04874e-06	8.93253	0.0268356	8	0.000681044	0.000444812	0.000802284	0.00046853	0.00114396	0.000545641	0		identifiable	capability
T1	53	Apoptosis model	10	0	IC-1 (ODEBench held-out IC)	10	10	10	True	1533.75	10.2389	93.3785	0.258349	14.3856	9.67323	8	0.229981	0.0492906	0.223608	0.197514	0.534362	0.145127	0		identifiable	capability
T1	53	Apoptosis model	10	1	box IC 0	10	10	10	True	1007.72	10.2498	105.221	0.0822929	20.2261	6.51141	8	0.105373	0.0572217	0.142368	0.233257	0.0766008	0.0174158	0		identifiable	capability
T1	53	Apoptosis model	10	2	box IC 1	10	10	10	True	3428.47	10.2205	95.0703	0.275023	15.2372	2.11816	8	2.86404	0.0901254	13.6632	0.197401	0.180064	0.189439	0		identifiable	capability
T1	53	Apoptosis model	10	3	box IC 2	10	10	10	True	9616.22	10.2007	102.964	1.69521	19.5905	5.84198	8	5.23654	0.0517297	12.653	0.260874	5.81262	7.40445	0		identifiable	capability
T1	53	Apoptosis model	10	4	box IC 3	10	10	10	True	408.636	10.2769	117.055	0.00872814	26.1076	7.33409	8	0.0370299	0.0251743	0.0189065	0.0605087	0.058767	0.0217931	0		identifiable	capability
T1	53	Apoptosis model	10	5	box IC 4	10	10	10	True	48466.1	10.1759	84.3207	130.901	12.2596	0.653474	8	0.319119	0.219256	0.297887	0.123254	0.596933	0.358263	0		identifiable	capability
T1	53	Apoptosis model	10	6	box IC 5	10	10	10	True	4619.32	10.2144	97.8146	0.629019	16.7333	2.77512	8	0.313798	0.148178	0.508405	0.396349	0.287462	0.228596	0		identifiable	capability
T1	53	Apoptosis model	10	7	box IC 6	10	10	10	True	1935.57	10.2333	102.36	0.252731	18.8697	10.1916	8	0.235156	0.0967158	0.315987	0.420995	0.200173	0.141911	0		identifiable	capability
T1	53	Apoptosis model	10	8	box IC 7	10	10	10	True	7064.27	10.2062	91.6105	1.88496	14.0182	1.46856	8	1.54265	0.305162	0.514356	4.37058	2.3725	0.150633	0		identifiable	capability
T1	53	Apoptosis model	10	9	box IC 8	10	10	10	True	19215.9	10.1893	93.8061	6.1371	15.493	3.30886	8	0.509894	0.369643	1.05677	0.406363	0.533472	0.183227	0		identifiable	capability
T1	53	Apoptosis model	10	10	box IC 9	10	10	10	True	3726.95	10.2188	112.327	0.30476	23.8727	4.67936	8	0.37799	0.144306	0.388744	0.278947	0.877664	0.200291	0		identifiable	capability
T1	54	Lorenz equations periodic	3	0	IC-1 (ODEBench held-out IC)	3	3	3	True	2.27636	3.73679	52.2124	1.01935e-07	2.89995	0.0155259	8	0.000210616	0.000162961	0.000202838	0.000312949	0.000168369	0.000205962	0		identifiable	capability
T1	54	Lorenz equations periodic	3	1	box IC 0	3	3	3	True	5.70363	3.56943	53.5833	1.34784e-07	3.58541	0.0499648	8	0.000233845	5.71136e-05	0.000516462	0.000194898	0.000276141	0.000124612	0		identifiable	capability
T1	54	Lorenz equations periodic	3	2	box IC 1	3	3	3	True	6.08261	3.56051	54.6387	8.15193e-08	4.11312	0.0378319	8	0.000185565	9.73368e-05	0.000269833	0.000315903	9.47932e-05	0.000149958	0		identifiable	capability
T1	54	Lorenz equations periodic	3	3	box IC 2	3	3	3	True	3.39938	3.653	48.6313	4.24423e-07	1.10941	0.0153214	8	0.000322853	0.000305157	0.000424583	0.000264542	0.000137045	0.000482939	0		identifiable	capability
T1	54	Lorenz equations periodic	3	4	box IC 3	3	3	3	True	2.68628	3.69972	52.9496	9.46943e-08	3.26855	0.0143389	8	0.000189839	0.000181443	0.000285626	0.000183159	0.000125098	0.000173868	0		identifiable	capability
T1	54	Lorenz equations periodic	3	5	box IC 4	3	3	3	True	5.68213	3.56996	54.2792	8.53027e-08	3.93335	0.0384944	8	0.000161026	0.00024576	0.000166331	0.000134673	0.000159018	9.93462e-05	0		identifiable	capability
T1	54	Lorenz equations periodic	3	6	box IC 5	3	3	3	True	5.26701	3.58087	52.9328	1.28092e-07	3.26016	0.0383875	8	0.000188141	0.000158161	0.000401843	0.000196092	3.80122e-05	0.000146599	0		identifiable	capability
T1	54	Lorenz equations periodic	3	7	box IC 6	3	3	3	True	4.85105	3.59318	49.8647	3.36647e-07	1.72608	0.0146681	8	0.000482015	0.000288977	0.00065716	0.000754316	0.000181034	0.000528587	0		identifiable	capability
T1	54	Lorenz equations periodic	3	8	box IC 7	3	3	3	True	4.56631	3.60257	51.7028	1.80386e-07	2.64518	0.0316416	8	0.000247353	0.000190304	0.000500927	0.000289643	0.00011829	0.000137598	0		identifiable	capability
T1	54	Lorenz equations periodic	3	9	box IC 8	3	3	3	True	1.66715	3.81835	49.5815	2.16955e-07	1.5845	0.0177561	8	0.000206775	0.000207274	0.000260257	0.000300959	0.000170076	9.53103e-05	0		identifiable	capability
T1	54	Lorenz equations periodic	3	10	box IC 9	3	3	3	True	3.57177	3.64396	52.1107	1.3488e-07	2.84911	0.0217426	8	0.000275268	0.000238513	0.000413039	0.000493669	0.000128472	0.000102644	0		identifiable	capability
T1	55	Lorenz equations complex periodic	3	0	IC-1 (ODEBench held-out IC)	3	3	3	True	5.37863	3.57781	53.8176	9.74419e-08	1.96456	0.0649762	8	0.000210492	0.000155962	0.000266514	0.000132034	0.000264634	0.000233318	0		identifiable	capability
T1	55	Lorenz equations complex periodic	3	1	box IC 0	3	3	3	True	33.0927	3.39687	57.431	1.40916e-07	3.77124	0.546953	8	0.105233	0.000278663	0.156463	0.184658	0.184674	9.38407e-05	0		identifiable	capability
T1	55	Lorenz equations complex periodic	3	2	box IC 1	3	3	3	True	9.26209	3.50846	54.3391	1.15907e-07	2.2253	0.101427	8	0.0106481	0.00018877	0.00028493	0.000203482	0.000116415	0.0524468	0		identifiable	capability
T1	55	Lorenz equations complex periodic	3	3	box IC 2	3	3	3	True	5.67655	3.5701	52.8702	1.3705e-07	1.49087	0.0437281	8	0.000230196	0.000216511	0.000209937	0.000225832	0.000259567	0.000239133	0		identifiable	capability
T1	55	Lorenz equations complex periodic	3	4	box IC 3	3	3	3	True	4.20853	3.61571	51.8609	1.58851e-07	0.98621	0.0210668	8	0.000240497	0.000235234	0.000258995	0.000169306	0.000252751	0.0002862	0		identifiable	capability
T1	55	Lorenz equations complex periodic	3	5	box IC 4	3	3	3	True	15.9276	3.4541	55.8462	1.30217e-07	2.97887	0.291024	8	0.099289	8.15971e-05	0.000232985	0.00046863	0.000247448	0.495414	0		identifiable	capability
T1	55	Lorenz equations complex periodic	3	6	box IC 5	3	3	3	True	6.01196	3.56211	53.2017	1.32732e-07	1.6566	0.0693545	8	0.000281135	0.000207467	0.000135611	0.000530821	0.000334355	0.00019742	0		identifiable	capability
T1	55	Lorenz equations complex periodic	3	7	box IC 6	3	3	3	True	4.79634	3.59492	51.6383	1.85079e-07	0.874888	0.0211447	8	0.000213724	0.000154849	0.000110327	0.000607456	0.000125362	7.06256e-05	0		identifiable	capability
T1	55	Lorenz equations complex periodic	3	8	box IC 7	3	3	3	True	6.27209	3.55636	53.6504	1.11939e-07	1.88098	0.0527457	8	0.000229373	0.000295637	0.000248048	0.00014748	0.000209559	0.000246141	0		identifiable	capability
T1	55	Lorenz equations complex periodic	3	9	box IC 8	3	3	3	True	8.46466	3.51878	53.8803	1.35687e-07	1.99589	0.108369	8	0.000290858	0.00023446	0.000239909	0.00062492	0.000260538	9.44628e-05	0		identifiable	capability
T1	55	Lorenz equations complex periodic	3	10	box IC 9	3	3	3	True	6.63052	3.54898	54.4663	9.57713e-08	2.28893	0.0789086	8	0.000205665	6.96837e-05	0.000311538	0.000200611	0.000240991	0.000205503	0		identifiable	capability
T1	56	Lorenz equations chaotic	3	0	IC-1 (ODEBench held-out IC)	3	3	3	True	53.7862	3.36621	58.0992	2.74438e-07	3.97511	0.858458	8	0.127217	0.103213	0.103386	0.103267	0.000285167	0.325933	0		identifiable	capability
T1	56	Lorenz equations chaotic	3	1	box IC 0	3	3	3	True	8.01805	3.52519	54.5016	1.1972e-07	2.17628	0.0684298	8	0.000160563	0.000228233	8.16337e-05	0.00017048	0.000231376	9.10908e-05	0		identifiable	capability
T1	56	Lorenz equations chaotic	3	2	box IC 1	3	3	3	True	10.1517	3.49837	56.955	7.12485e-08	3.40298	0.170205	8	0.0994788	5.82762e-05	3.29106e-05	2.67393e-05	9.81303e-05	0.497178	0		identifiable	capability
T1	56	Lorenz equations chaotic	3	3	box IC 2	3	3	3	True	13.0513	3.47267	50.7383	4.79654e-07	0.294641	0.0391523	8	0.000309572	0.000489544	0.00046246	0.000389072	0.000105255	0.000101531	0		identifiable	capability
T1	56	Lorenz equations chaotic	3	4	box IC 3	3	3	3	True	7.94193	3.52634	52.4379	2.03721e-07	1.14445	0.0187073	8	0.000283809	0.000560332	0.000307809	0.000291282	4.14678e-05	0.000218152	0		identifiable	capability
T1	56	Lorenz equations chaotic	3	5	box IC 4	3	3	3	True	6.9672	3.54258	53.9141	1.11298e-07	1.88251	0.0560869	8	0.000145839	0.000160355	0.000118293	4.49424e-05	0.000174948	0.000230656	0		identifiable	capability
T1	56	Lorenz equations chaotic	3	6	box IC 5	3	3	3	True	7.00677	3.54185	54.9058	7.97712e-08	2.37839	0.0761573	8	0.000162901	0.000297229	8.98558e-05	0.000277945	0.000107326	4.21473e-05	0		identifiable	capability
T1	56	Lorenz equations chaotic	3	7	box IC 6	3	3	3	True	10.5067	3.49469	52.0012	2.70446e-07	0.926084	0.0225194	8	0.000266346	0.000350049	0.000180231	0.00022812	0.000458865	0.000114463	0		identifiable	capability
T1	56	Lorenz equations chaotic	3	8	box IC 7	3	3	3	True	9.0204	3.51145	53.5579	1.56235e-07	1.70442	0.079644	8	0.0936923	0.00049489	0.466891	0.000557098	0.000196872	0.000321961	0		identifiable	capability
T1	56	Lorenz equations chaotic	3	9	box IC 8	3	3	3	True	12.901	3.47379	53.3674	2.66423e-07	1.6092	0.1037	8	0.000282718	0.000487683	0.00026002	0.00013691	0.000146562	0.000382413	0		identifiable	capability
T1	56	Lorenz equations chaotic	3	10	box IC 9	3	3	3	True	15.4052	3.45711	53.9065	2.80379e-07	1.87875	0.125664	8	0.0289128	0.000404041	0.000291394	0.000173817	0.000396631	0.143298	0		identifiable	capability
T1	57	Rössler fixed point	4	0	IC-1 (ODEBench held-out IC)	4	4	4	True	33.6271	4.39577	60.4758	1.02387e-05	2.67111	0.0281028	8	0.00127294	0.00112299	0.00180069	0.000323003	0.0016201	0.00149795	0		identifiable	capability
T1	57	Rössler fixed point	4	1	box IC 0	4	4	4	True	37.8592	4.38787	62.6322	8.65708e-06	3.74933	0.0238604	8	0.000528748	0.000589021	0.000216289	0.000450312	0.000966175	0.000421943	0		identifiable	capability
T1	57	Rössler fixed point	4	2	box IC 1	4	4	4	True	40.3637	4.38373	63.2237	5.51783e-06	4.04507	0.0206922	8	0.00113582	0.00141541	0.00159874	0.000360691	0.000829455	0.0014748	0		identifiable	capability
T1	57	Rössler fixed point	4	3	box IC 2	4	4	4	True	28.8732	4.40642	57.5594	1.59341e-05	1.21293	0.0319876	8	0.00189118	0.00239958	0.0024546	0.000180422	0.00188333	0.00253798	0		identifiable	capability
T1	57	Rössler fixed point	4	4	box IC 3	4	4	4	True	103.2	4.33182	65.9573	1.22217e-05	5.41187	0.0357935	8	0.000918965	0.00111316	0.00148863	0.000562961	0.000926684	0.000503387	0		identifiable	capability
T1	57	Rössler fixed point	4	5	box IC 4	4	4	4	True	44.9532	4.37697	62.8594	1.25756e-05	3.86292	0.0299946	8	0.00103493	0.000971367	0.00174841	0.000677482	0.000645646	0.00113176	0		identifiable	capability
T1	57	Rössler fixed point	4	6	box IC 5	4	4	4	True	39.1955	4.38562	59.5653	1.0843e-05	2.21586	0.029129	8	0.0018999	0.00245102	0.00228694	0.000134449	0.00198777	0.00263932	0		identifiable	capability
T1	57	Rössler fixed point	4	7	box IC 6	4	4	4	True	36.5925	4.39011	59.9868	1.12247e-05	2.42663	0.0109792	8	0.000865677	0.000647072	0.00164604	0.000178447	0.000415067	0.00144176	0		identifiable	capability
T1	57	Rössler fixed point	4	8	box IC 7	4	4	4	True	34.2873	4.39446	59.9389	9.78664e-06	2.40267	0.0264431	8	0.00144832	0.00201717	0.00200302	0.0004746	0.000940365	0.00180644	0		identifiable	capability
T1	57	Rössler fixed point	4	9	box IC 8	4	4	4	True	37.6566	4.38822	59.6936	1.31811e-05	2.28004	0.0104058	8	0.000945953	0.00103699	0.00161011	0.000170972	0.000815249	0.00109644	0		identifiable	capability
T1	57	Rössler fixed point	4	10	box IC 9	4	4	4	True	44.0709	4.37819	61.4247	1.46919e-05	3.14557	0.0320278	8	0.00152842	0.00215244	0.00208478	0.000660605	0.00126817	0.0014761	0		identifiable	capability
T1	58	Rössler attractor periodic	4	0	IC-1 (ODEBench held-out IC)	4	4	4	True	30.9607	4.40148	60.5281	7.6974e-06	2.97372	0.030302	8	0.00133204	0.00114274	0.00170079	0.000704286	0.00196051	0.00115187	0		identifiable	capability
T1	58	Rössler attractor periodic	4	1	box IC 0	4	4	4	True	39.6887	4.38481	61.8395	1.08681e-05	3.62944	0.0305929	8	0.000600214	0.000730677	7.77576e-05	0.00038875	0.00157725	0.000226633	0		identifiable	capability
T1	58	Rössler attractor periodic	4	2	box IC 1	4	4	4	True	41.6939	4.38167	66.299	3.45313e-06	5.85918	0.0262334	8	0.000983279	0.000841769	0.00186791	0.000746854	0.000361713	0.00109815	0		identifiable	capability
T1	58	Rössler attractor periodic	4	3	box IC 2	4	4	4	True	34.64	4.39377	57.1103	1.72101e-05	1.26486	0.0324	8	0.0019178	0.00232949	0.00261632	0.000335141	0.00208532	0.00222271	0		identifiable	capability
T1	58	Rössler attractor periodic	4	4	box IC 3	4	4	4	True	95.8235	4.3354	65.4355	1.17021e-05	5.42741	0.0376373	8	0.00120927	0.00129549	0.00187299	0.000633337	0.0015261	0.000718453	0		identifiable	capability
T1	58	Rössler attractor periodic	4	5	box IC 4	4	4	4	True	54.1487	4.36582	62.1555	1.55394e-05	3.78745	0.0278841	8	0.00125308	0.000859542	0.00201327	0.0013694	0.00113401	0.000889188	0		identifiable	capability
T1	58	Rössler attractor periodic	4	6	box IC 5	4	4	4	True	39.7454	4.38472	60.5634	9.619e-06	2.9914	0.0298692	8	0.00178484	0.00194651	0.00219153	0.000690282	0.00131321	0.00278266	0		identifiable	capability
T1	58	Rössler attractor periodic	4	7	box IC 6	4	4	4	True	37.2212	4.38899	59.4949	1.39557e-05	2.45714	0.0143584	8	0.000912669	0.000656709	0.00134431	0.000227325	0.000366165	0.00196883	0		identifiable	capability
T1	58	Rössler attractor periodic	4	8	box IC 7	4	4	4	True	31.0942	4.40117	60.0407	8.11303e-06	2.73004	0.0281917	8	0.00148674	0.00198395	0.00176995	0.000719325	0.00103926	0.00192119	0		identifiable	capability
T1	58	Rössler attractor periodic	4	9	box IC 8	4	4	4	True	39.1262	4.38573	59.1154	1.76448e-05	2.26739	0.0134996	8	0.0009497	0.000757917	0.00128884	0.000312397	0.00108384	0.0013055	0		identifiable	capability
T1	58	Rössler attractor periodic	4	10	box IC 9	4	4	4	True	53.4018	4.36663	60.9087	1.51484e-05	3.16402	0.0319407	8	0.00159645	0.00213206	0.00240956	0.000715203	0.00175413	0.000971312	0		identifiable	capability
T1	59	Rössler attractor chaotic	4	0	IC-1 (ODEBench held-out IC)	4	4	4	True	28.6785	4.40691	63.2479	4.32457e-06	3.50118	0.031283	8	0.0012081	0.000919259	0.00131207	0.000866859	0.00168014	0.0012622	0		identifiable	capability
T1	59	Rössler attractor chaotic	4	1	box IC 0	4	4	4	True	39.7897	4.38465	63.413	8.22092e-06	3.58372	0.0316915	8	0.000352174	0.000335092	0.000144518	0.000279585	0.000922348	7.93274e-05	0		identifiable	capability
T1	59	Rössler attractor chaotic	4	2	box IC 1	4	4	4	True	82.5191	4.34287	72.876	1.58274e-06	8.31522	0.0455454	8	0.000589156	0.00029883	0.00142123	0.000589644	0.00025101	0.000385063	0		identifiable	capability
T1	59	Rössler attractor chaotic	4	3	box IC 2	4	4	4	True	35.3416	4.39242	58.873	1.31725e-05	1.31374	0.0325905	8	0.00186523	0.00230771	0.00255697	0.000312257	0.00214478	0.00200446	0		identifiable	capability
T1	59	Rössler attractor chaotic	4	4	box IC 3	4	4	4	True	84.4615	4.34169	67.3423	8.56428e-06	5.54836	0.0368035	8	0.00126665	0.00123007	0.00179236	0.000534881	0.00176719	0.00100873	0		identifiable	capability
T1	59	Rössler attractor chaotic	4	5	box IC 4	4	4	4	True	58.1603	4.36171	63.7947	1.41989e-05	3.77455	0.0277115	8	0.00113222	0.000702191	0.00199787	0.00154283	0.000645	0.000773181	0		identifiable	capability
T1	59	Rössler attractor chaotic	4	6	box IC 5	4	4	4	True	41.241	4.38236	65.0492	5.29858e-06	4.4018	0.0318362	8	0.00129151	0.000848405	0.0021243	0.000813014	0.00038234	0.0022895	0		identifiable	capability
T1	59	Rössler attractor chaotic	4	7	box IC 6	4	4	4	True	36.9222	4.38952	61.1873	9.15512e-06	2.47087	0.0156776	8	0.000708632	0.000538303	0.00106434	0.000289461	0.000437882	0.00121317	0		identifiable	capability
T1	59	Rössler attractor chaotic	4	8	box IC 7	4	4	4	True	31.9555	4.39927	62.6467	5.66833e-06	3.20057	0.0285178	8	0.00126476	0.00170319	0.0019188	0.000883706	0.0004294	0.00138871	0		identifiable	capability
T1	59	Rössler attractor chaotic	4	9	box IC 8	4	4	4	True	39.4031	4.38528	60.7623	1.19771e-05	2.25838	0.0142077	8	0.000716818	0.000590078	0.00113356	0.000384033	0.00065595	0.000820471	0		identifiable	capability
T1	59	Rössler attractor chaotic	4	10	box IC 9	4	4	4	True	53.7211	4.36628	62.6769	1.2287e-05	3.21567	0.031965	8	0.00150306	0.00207138	0.00240644	0.000696609	0.00194653	0.000394314	0		identifiable	capability
T1	60	Aizawa attractor	6	0	IC-1 (ODEBench held-out IC)	6	6	6	True	17213.8	6.19099	66.4718	1.49265	5.87322	0.555623	8	1.91435	0.0290191	0.506269	0.348151	8.6539	0.0344333	0		identifiable	capability
T1	60	Aizawa attractor	6	1	box IC 0	6	6	6	True	1374.74	6.24165	77.097	0.0135614	10.7344	3.36921	8	0.0571215	0.0164797	0.081667	0.0899516	0.0567884	0.0407209	0		identifiable	capability
T1	60	Aizawa attractor	6	2	box IC 1	6	6	6	True	393.458	6.27817	92.7329	5.03136e-05	18.5456	5.38727	8	0.00340353	0.00104808	0.00494312	0.000864244	0.00896088	0.00120135	0		identifiable	capability
T1	60	Aizawa attractor	6	3	box IC 2	6	6	6	True	8871.93	6.2021	74.9173	0.0813932	9.67689	0.651699	8	0.0978073	0.283284	0.0818464	0.0447259	0.0529728	0.0262073	0		identifiable	capability
T1	60	Aizawa attractor	6	4	box IC 3	6	6	6	True	217.395	6.29965	87.1463	0.000116674	15.7524	8.55015	8	0.0039515	0.00230427	0.00568513	0.00339021	0.0049329	0.00344497	0		identifiable	capability
T1	60	Aizawa attractor	6	5	box IC 4	6	6	6	True	401.476	6.2775	91.1242	7.02178e-05	17.7413	3.57058	7	0.00240749	0.00063643	0.00296836	0.00496752	0.00319435	0.00027081	0		identifiable	capability
T1	60	Aizawa attractor	6	6	box IC 5	6	6	6	True	926.063	6.2521	85.832	0.000613569	15.0955	2.22302	8	0.00783569	0.0184759	0.00844732	0.00438994	0.00620616	0.00165914	0		identifiable	capability
T1	60	Aizawa attractor	6	7	box IC 6	6	6	6	True	1240.75	6.24428	75.2823	0.0162737	9.82837	2.38651	8	0.0898978	0.057387	0.114179	0.0494305	0.174094	0.0543988	0		identifiable	capability
T1	60	Aizawa attractor	6	8	box IC 7	6	6	6	True	1942.09	6.23319	84.7112	0.00189293	14.5357	2.01304	8	0.015559	0.0249006	0.014784	0.0163447	0.0198918	0.00187357	0		identifiable	capability
T1	60	Aizawa attractor	6	9	box IC 8	6	6	6	True	829.966	6.25516	89.8763	0.000175163	17.1174	4.32127	8	0.00479585	0.00299845	0.00505262	0.000689419	0.00876545	0.00647335	0		identifiable	capability
T1	60	Aizawa attractor	6	10	box IC 9	6	6	6	True	714.502	6.25947	87.943	0.000259865	16.1508	3.24685	8	0.00495108	0.0019333	0.00716627	0.0071655	0.00492237	0.00356796	0		identifiable	capability
T1	61	Chen-Lee attractor	4	0	IC-1 (ODEBench held-out IC)	4	4	4	True	19.4992	4.43668	72.6796	2.72039e-07	5.01079	0.155666	8	0.000147549	0.000130229	0.000235643	9.8533e-05	0.00019141	8.19288e-05	0		identifiable	capability
T1	61	Chen-Lee attractor	4	1	box IC 0	4	4	4	True	13.7766	4.46748	68.8276	6.47499e-07	3.08476	0.167187	8	0.000254698	0.000295373	0.000156673	0.000174717	0.000149878	0.000496847	0		identifiable	capability
T1	61	Chen-Lee attractor	4	2	box IC 1	4	4	4	True	24.5043	4.41854	71.485	4.07031e-07	4.41348	0.0984828	8	0.000232026	0.000278983	4.33899e-05	0.000231118	0.000422039	0.0001846	0		identifiable	capability
T1	61	Chen-Lee attractor	4	3	box IC 2	4	4	4	True	18.8871	4.43934	76.5953	8.05715e-08	6.96862	0.385531	8	0.000116505	8.59853e-05	9.79821e-05	0.000164289	0.000100531	0.000133735	0		identifiable	capability
T1	61	Chen-Lee attractor	4	4	box IC 3	4	4	4	True	22.0274	4.42681	70.0372	5.36072e-07	3.68958	0.0853933	8	0.000273532	0.000162872	0.000169322	0.000290423	0.000472126	0.000272916	0		identifiable	capability
T1	61	Chen-Lee attractor	4	5	box IC 4	4	4	4	True	18.3073	4.44196	85.5577	1.05597e-08	11.4498	0.414729	8	3.13746e-05	1.90485e-05	2.53747e-05	3.22104e-05	3.26934e-05	4.75458e-05	0		identifiable	capability
T1	61	Chen-Lee attractor	4	6	box IC 5	4	4	4	True	5.03962	4.58741	75.1321	4.84924e-08	6.23705	0.281437	8	7.85144e-05	6.8171e-05	0.000114129	8.36259e-05	4.33331e-05	8.33134e-05	0		identifiable	capability
T1	61	Chen-Lee attractor	4	7	box IC 6	4	4	4	True	37.4458	4.38859	73.1267	3.82259e-07	5.23434	0.3042	8	0.000173439	7.81925e-05	0.000221606	0.000145757	0.000304878	0.00011676	0		identifiable	capability
T1	61	Chen-Lee attractor	4	8	box IC 7	4	4	4	True	18.3806	4.44163	75.0634	1.3154e-07	6.2027	0.191849	8	0.000191326	0.000360968	0.00019057	0.000163373	0.000163115	7.86034e-05	0		identifiable	capability
T1	61	Chen-Lee attractor	4	9	box IC 8	4	4	4	True	25.9942	4.4141	69.0155	9.16491e-07	3.17875	0.259267	8	0.000562974	0.000304768	0.00126398	0.000232469	0.000158878	0.000854779	0		identifiable	capability
T1	61	Chen-Lee attractor	4	10	box IC 9	4	4	4	True	10.604	4.49371	70.8207	2.67203e-07	4.08134	0.149869	8	0.000215263	0.000145136	0.00019658	0.000118216	0.000507987	0.000108398	0		identifiable	capability
T1	62	Binocular rivalry adaptation	4	0	IC-1 (ODEBench held-out IC)	4	4	4	True	71.1007	4.35065	47.0664	0.000729861	1.03483	0.0266452	8	0.0142177	0.0240957	0.0165386	0.00302283	0.0187076	0.0087236	0		identifiable	capability
T1	62	Binocular rivalry adaptation	4	1	box IC 0	4	4	4	True	60.2951	4.35968	48.2824	0.000329132	1.64264	0.0220311	8	0.00777998	0.0149344	0.00593819	0.00512749	0.00511203	0.00778779	0		identifiable	capability
T1	62	Binocular rivalry adaptation	4	2	box IC 1	4	4	4	True	50.391	4.37005	48.3493	0.000323444	1.6761	0.0318964	8	0.00929873	0.00773967	0.012107	0.00493473	0.0114539	0.0102583	0		identifiable	capability
T1	62	Binocular rivalry adaptation	4	3	box IC 2	4	4	4	True	52.649	4.36746	47.6451	0.000429778	1.32403	0.0367065	8	0.0121871	0.00939948	0.0168919	0.0137157	0.00498672	0.015942	0		identifiable	capability
T1	62	Binocular rivalry adaptation	4	4	box IC 3	4	4	4	True	62.4505	4.35771	48.0106	0.000457494	1.5068	0.02249	8	0.00904535	0.0082324	0.00596634	0.0125812	0.0157898	0.00265701	0		identifiable	capability
T1	62	Binocular rivalry adaptation	4	5	box IC 4	4	4	4	True	77.5858	4.34605	48.0376	0.000547068	1.52032	0.0236135	8	0.00986036	0.00312487	0.00876367	0.00767559	0.0153807	0.014357	0		identifiable	capability
T1	62	Binocular rivalry adaptation	4	6	box IC 5	4	4	4	True	46.7539	4.37456	47.9489	0.000342715	1.4759	0.0348973	8	0.00762318	0.00703818	0.00380131	0.0143631	0.0100492	0.00286412	0		identifiable	capability
T1	62	Binocular rivalry adaptation	4	7	box IC 6	4	4	4	True	32.5126	4.39808	48.4445	0.000183757	1.72359	0.0314668	8	0.00686234	0.00522882	0.00832785	0.0107669	0.00760355	0.0023846	0		identifiable	capability
T1	62	Binocular rivalry adaptation	4	8	box IC 7	4	4	4	True	65.0927	4.35543	47.202	0.000659684	1.10259	0.0279848	8	0.0114274	0.002483	0.0148845	0.00725533	0.0189369	0.0135775	0		identifiable	capability
T1	62	Binocular rivalry adaptation	4	9	box IC 8	4	4	4	True	85.8363	4.34087	46.7216	0.00111749	0.862638	0.0302591	8	0.0185918	0.0271906	0.00923127	0.00848312	0.0258371	0.0222171	0		identifiable	capability
T1	62	Binocular rivalry adaptation	4	10	box IC 9	4	4	4	True	61.4103	4.35865	47.1939	0.000603926	1.09851	0.0337978	8	0.0131044	0.00594814	0.020533	0.00881032	0.0101456	0.0200852	0		identifiable	capability
T1	63	SEIR infection	3	0	IC-1 (ODEBench held-out IC)	3	3	3	True	1.66817	3.81817	46.0526	7.08902e-07	1.66778	0.0104517	8	0.00050914	0.000249315	0.000560982	0.000782332	0.000313048	0.000640025	0		identifiable	capability
T2	1	RC-circuit	3	0	IC-1 (ODEBench held-out IC)	2	2	2	True	inf	2.07692	-0.274279	759848	1.84106	0.436311	8	0.0405362	0.0403529	0.0459581	0.00718395	0.0448392	0.0643469	0		structurally_non_identifiable	change_class
T2	1	RC-circuit	3	1	box IC 0	2	2	2	True	inf	2.07692	-2.22927	759848	0.963938	0.160586	8	0.0495817	0.0367278	0.0896445	0.000761019	0.0436437	0.0771315	0		structurally_non_identifiable	change_class
T2	1	RC-circuit	3	2	box IC 1	2	2	2	True	inf	2.07692	-0.183411	759848	1.88522	0.481276	8	0.0393334	0.0386324	0.044305	0.00702606	0.043118	0.0635858	0		structurally_non_identifiable	change_class
T2	1	RC-circuit	3	3	box IC 2	2	2	2	True	inf	2.07692	0.495015	759848	2.21845	2.21143	8	0.0307381	0.0257908	0.0334859	0.0056797	0.0303383	0.0583957	0		structurally_non_identifiable	change_class
T2	1	RC-circuit	3	4	box IC 3	2	2	2	True	inf	2.07692	0.55563	759848	2.24845	3.19033	8	0.0300229	0.0246889	0.0326466	0.00555436	0.0292452	0.0579792	0		structurally_non_identifiable	change_class
T2	1	RC-circuit	3	5	box IC 4	2	2	2	True	inf	2.07692	-4.6054	759851	0.40149	0.113591	8	3.90287	8.95223	0.303471	0.221516	9.6226	0.414537	0		structurally_non_identifiable	change_class
T2	1	RC-circuit	3	6	box IC 5	2	2	2	True	inf	2.07692	-3.62576	759850	0.597711	0.097533	8	8.49314	32.7792	0.573392	0.142472	8.65085	0.31976	0		structurally_non_identifiable	change_class
T2	1	RC-circuit	3	7	box IC 6	2	2	2	True	inf	2.07692	-1.9606	759848	1.07102	0.172898	8	0.0534625	0.048295	0.0836631	0.00400284	0.0542981	0.0770534	0		structurally_non_identifiable	change_class
T2	1	RC-circuit	3	8	box IC 7	2	2	2	True	inf	2.07692	-3.321	759849	0.611141	0.132382	8	0.106552	0.185565	0.0941939	0.0377167	0.165842	0.0494442	0		structurally_non_identifiable	change_class
T2	1	RC-circuit	3	9	box IC 8	2	2	2	True	inf	2.07692	-1.4914	759848	1.27158	0.203124	8	0.05386	0.0550843	0.0724116	0.00697041	0.0601818	0.0746519	0		structurally_non_identifiable	change_class
T2	1	RC-circuit	3	10	box IC 9	2	2	2	True	inf	2.07692	-3.28437	759849	0.68195	0.0949861	8	6.16476	19.1497	0.422498	0.113056	10.9134	0.225146	0		structurally_non_identifiable	change_class
T2	2	Population growth naive	1	0	IC-1 (ODEBench held-out IC)	1	1	1	True	1	2	8.34484	0.000237619	0.0162912	0.0113975	8	0.00949376	0.00763875	0.00289093	0.00247261	0.0227409	0.0117256	0		identifiable	capability
T2	2	Population growth naive	1	1	box IC 0	1	1	1	True	1	2	12.1298	5.39611e-06	1.90867	0.0113975	8	0.000782711	0.000233212	0.000562637	0.00070548	0.00163139	0.000780837	0		identifiable	capability
T2	2	Population growth naive	1	2	box IC 1	1	1	1	True	1	2	10.5151	2.71249e-05	1.10129	0.0113975	8	0.00206082	3.37665e-05	0.00135208	0.00161854	0.00489992	0.00239979	0		identifiable	capability
T2	2	Population growth naive	1	3	box IC 2	1	1	1	True	1	2	8.49565	0.000204355	0.0916786	0.0113975	8	0.00889798	0.0059295	0.00325767	0.00313921	0.0212817	0.0108818	0		identifiable	capability
T2	2	Population growth naive	1	4	box IC 3	1	1	1	True	1	2	8.349	0.000236634	0.0183669	0.0113975	8	0.00949067	0.00757526	0.00291729	0.00251271	0.0227317	0.0117164	0		identifiable	capability
T2	2	Population growth naive	1	5	box IC 4	1	1	1	True	1	2	12.6087	3.34293e-06	2.14808	0.0113975	8	0.000596511	0.000215859	0.000435909	0.000551134	0.00120573	0.000573928	0		identifiable	capability
T2	2	Population growth naive	1	6	box IC 5	1	1	1	True	1	2	12.8361	2.6628e-06	2.26182	0.0113975	8	0.000525313	0.000204027	0.00038648	0.000490282	0.00104808	0.000497695	0		identifiable	capability
T2	2	Population growth naive	1	7	box IC 6	1	1	1	True	1	2	12.0348	5.93392e-06	1.86117	0.0113975	8	0.000826638	0.000234661	0.000592043	0.00074096	0.00173441	0.000831118	0		identifiable	capability
T2	2	Population growth naive	1	8	box IC 7	1	1	1	True	1	2	12.3951	4.13881e-06	2.0413	0.0113975	8	0.000672868	0.000225258	0.000488302	0.000615233	0.00137804	0.000657512	0		identifiable	capability
T2	2	Population growth naive	1	9	box IC 8	1	1	1	True	1	2	11.8221	7.34024e-06	1.75482	0.0113975	8	0.000934946	0.000234262	0.00066381	0.000827041	0.00199232	0.000957296	0		identifiable	capability
T2	2	Population growth naive	1	10	box IC 9	1	1	1	True	1	2	12.8838	2.53877e-06	2.28567	0.0113975	8	0.000511574	0.000201387	0.000376876	0.000478411	0.00101801	0.000483185	0		identifiable	capability
T2	3	Population growth carrying capacity	2	0	IC-1 (ODEBench held-out IC)	2	2	2	True	6.89763	2.54386	20.4777	0.0002518	4.02883	0.27066	8	0.00286626	0.0019913	0.00212295	0.00108201	0.00641342	0.00272163	0		identifiable	capability
T2	3	Population growth carrying capacity	2	1	box IC 0	2	2	2	True	4.05494	2.6219	23.5601	3.29321e-05	5.56991	0.570682	8	0.00139666	0.00148377	0.00103786	0.000427442	0.00208987	0.00194437	0		identifiable	capability
T2	3	Population growth carrying capacity	2	2	box IC 1	2	2	2	True	6.62673	2.54906	20.6067	0.000227188	4.09333	0.280011	8	0.00275324	0.00196896	0.00203443	0.00104356	0.00605748	0.00266176	0		identifiable	capability
T2	3	Population growth carrying capacity	2	3	box IC 2	2	2	2	True	27.3392	2.41038	15.1159	0.0142887	1.35489	0.0756228	8	0.0299068	0.0554361	0.0129708	0.020216	0.017485	0.0434264	0		identifiable	capability
T2	3	Population growth carrying capacity	2	4	box IC 3	2	2	2	True	33.1193	2.39681	14.3492	0.0253853	0.977002	0.129736	8	0.0516978	0.0693456	0.0277753	0.0342967	0.0468765	0.0801947	0		identifiable	capability
T2	3	Population growth carrying capacity	2	5	box IC 4	2	2	2	True	4.75864	2.59613	24.2243	2.72898e-05	5.90204	0.656546	8	0.00135768	0.00166415	0.00100846	0.000310661	0.00186863	0.00193648	0		identifiable	capability
T2	3	Population growth carrying capacity	2	6	box IC 5	2	2	2	True	5.30088	2.57993	24.5182	2.60307e-05	6.04894	0.696142	8	0.0013653	0.00181722	0.00101497	0.000237873	0.00181263	0.00194379	0		identifiable	capability
T2	3	Population growth carrying capacity	2	7	box IC 6	2	2	2	True	3.98797	2.62471	23.4196	3.48119e-05	5.49969	0.553383	8	0.00141565	0.00146934	0.00105153	0.000448494	0.00215705	0.00195184	0		identifiable	capability
T2	3	Population growth carrying capacity	2	8	box IC 7	2	2	2	True	4.37011	2.60957	23.9365	2.91685e-05	5.75812	0.61859	8	0.00136459	0.00156075	0.00101401	0.000366681	0.00194661	0.00193489	0		identifiable	capability
T2	3	Population growth carrying capacity	2	9	box IC 8	2	2	2	True	3.92717	2.62732	23.0934	4.04288e-05	5.33659	0.514511	8	0.00147515	0.00146081	0.00109363	0.000497203	0.00234579	0.00197832	0		identifiable	capability
T2	3	Population growth carrying capacity	2	10	box IC 9	2	2	2	True	5.43089	2.57641	24.5783	2.58371e-05	6.07901	0.704314	8	0.00136857	0.00185507	0.00101794	0.000220381	0.00180375	0.00194574	0		identifiable	capability
T2	4	RC-circuit non-linear resistor	2	0	IC-1 (ODEBench held-out IC)	2	2	2	True	2.46054	2.71889	15.969	0.000976797	3.50838	3.31867	8	0.00537032	0.00420022	0.00429985	0.000241697	0.00562975	0.0124801	0		identifiable	capability
T2	4	RC-circuit non-linear resistor	2	1	box IC 0	2	2	2	True	5.74881	2.56832	15.2939	0.00282805	3.17179	0.0423283	8	0.00744685	0.0105029	0.00298243	0.000648141	0.0159474	0.00715345	0		identifiable	capability
T2	4	RC-circuit non-linear resistor	2	2	box IC 1	2	2	2	True	16.2823	2.45214	13.8042	0.0164364	2.43366	0.237229	8	0.0163215	0.0152216	0.010094	0.000380393	0.0501962	0.00571541	0		identifiable	capability
T2	4	RC-circuit non-linear resistor	2	3	box IC 2	2	2	2	True	3.15947	2.66684	15.6431	0.00139387	3.34565	5.02769	8	0.0058603	0.00565824	0.00390619	0.00036252	0.00696221	0.0124123	0		identifiable	capability
T2	4	RC-circuit non-linear resistor	2	4	box IC 3	2	2	2	True	2.63975	2.70345	15.8765	0.00107711	3.4622	4.88774	8	0.0054758	0.00455847	0.00418026	0.000272708	0.00593094	0.0124366	0		identifiable	capability
T2	4	RC-circuit non-linear resistor	2	5	box IC 4	2	2	2	True	5.98483	2.56273	14.6103	0.00413459	2.8306	0.0187422	8	0.00914326	0.0107886	0.00348727	0.00147766	0.014617	0.0153458	0		identifiable	capability
T2	4	RC-circuit non-linear resistor	2	6	box IC 5	2	2	2	True	6.87922	2.54421	14.1119	0.00605719	2.58235	0.01175	8	0.0113778	0.0111028	0.00561153	0.00230411	0.0144812	0.0233894	0		identifiable	capability
T2	4	RC-circuit non-linear resistor	2	7	box IC 6	2	2	2	True	5.86669	2.56549	15.3731	0.00277077	3.21135	0.0483251	8	0.00740445	0.0105243	0.00319165	0.000552487	0.0163482	0.0064056	0		identifiable	capability
T2	4	RC-circuit non-linear resistor	2	8	box IC 7	2	2	2	True	5.67288	2.57019	14.9748	0.0032761	3.01244	0.0277396	8	0.00800559	0.0105816	0.00276096	0.00101238	0.0150683	0.0106047	0		identifiable	capability
T2	4	RC-circuit non-linear resistor	2	9	box IC 8	2	2	2	True	6.26427	2.55652	15.4842	0.002789	3.2669	0.0623268	8	0.00752994	0.0106688	0.00372624	0.000381316	0.0174409	0.00543239	0		identifiable	capability
T2	4	RC-circuit non-linear resistor	2	10	box IC 9	2	2	2	True	7.16772	2.53897	13.9924	0.00668867	2.52294	0.0105847	8	0.0120256	0.0111663	0.00626035	0.00254837	0.0145211	0.025632	0		identifiable	capability
T2	5	Velocity falling object	2	0	IC-1 (ODEBench held-out IC)	2	2	2	True	2.38913	2.72556	24.1341	1.61326e-05	5.75933	0.251554	8	0.00081828	0.000890456	0.000571865	8.64033e-05	0.00147292	0.00106975	0		identifiable	capability
T2	5	Velocity falling object	2	1	box IC 0	2	2	2	True	3.67879	2.63869	22.9006	4.20604e-05	5.14259	0.186087	8	0.00104523	0.00122767	0.000606346	9.60244e-05	0.00218734	0.00110876	0		identifiable	capability
T2	5	Velocity falling object	2	2	box IC 1	2	2	2	True	15.4127	2.45706	19.963	0.000715801	3.67415	0.0882069	8	0.00295098	0.00240792	0.00141191	1.70382e-05	0.00941481	0.00150322	0		identifiable	capability
T2	5	Velocity falling object	2	3	box IC 2	2	2	2	True	231.27	2.29725	14.5928	0.156799	1.06152	0.0199209	8	0.120944	0.231899	0.0530534	0.0300615	0.246462	0.043247	0		identifiable	capability
T2	5	Velocity falling object	2	4	box IC 3	2	2	2	True	412.79	2.27657	13.4403	0.497983	0.614478	0.0138179	8	0.294453	0.571114	0.128161	0.147876	0.471139	0.153977	0		identifiable	capability
T2	5	Velocity falling object	2	5	box IC 4	2	2	2	True	2.65813	2.70196	23.7407	2.12244e-05	5.56265	0.228665	8	0.0008711	0.000975408	0.000578114	9.00017e-05	0.00163345	0.00107853	0		identifiable	capability
T2	5	Velocity falling object	2	6	box IC 5	2	2	2	True	2.38863	2.72561	24.135	1.61225e-05	5.75981	0.251612	8	0.00081817	0.000890274	0.000571855	8.63951e-05	0.00147259	0.00106973	0		identifiable	capability
T2	5	Velocity falling object	2	7	box IC 6	2	2	2	True	3.9633	2.62576	22.7324	4.88194e-05	5.05849	0.178501	8	0.00109261	0.0012902	0.000615878	9.65486e-05	0.00234303	0.00111739	0		identifiable	capability
T2	5	Velocity falling object	2	8	box IC 7	2	2	2	True	3.03365	2.67478	23.3676	2.835e-05	5.37611	0.208751	8	0.000936793	0.00107514	0.000587462	9.31646e-05	0.00183853	0.00108967	0		identifiable	capability
T2	5	Velocity falling object	2	9	box IC 8	2	2	2	True	4.71714	2.59749	22.3541	6.89675e-05	4.86936	0.162475	8	0.00121791	0.00144497	0.000644619	9.62768e-05	0.00276267	0.00114101	0		identifiable	capability
T2	5	Velocity falling object	2	10	box IC 9	2	2	2	True	2.34886	2.72947	24.2173	1.52928e-05	5.80093	0.256659	8	0.000808967	0.000874992	0.000570894	8.56523e-05	0.00144509	0.00106821	0		identifiable	capability
T2	6	Autocatalysis	2	0	IC-1 (ODEBench held-out IC)	2	2	2	True	8.26817	2.52154	27.8544	7.50245e-06	5.18571	0.240181	8	0.000553194	0.00072564	0.000317483	0.000604513	0.000547665	0.000570667	0		identifiable	capability
T2	6	Autocatalysis	2	1	box IC 0	2	2	2	True	8.24322	2.52189	28.0175	6.89468e-06	5.26726	0.248229	8	0.000545205	0.000816221	0.000296028	0.000562427	0.000490006	0.000561341	0		identifiable	capability
T2	6	Autocatalysis	2	2	box IC 1	2	2	2	True	9.32366	2.50772	26.6803	1.51708e-05	4.59863	0.183975	8	0.000756597	0.000573698	0.000598431	0.000703644	0.0012201	0.000687116	0		identifiable	capability
T2	6	Autocatalysis	2	3	box IC 2	2	2	2	True	50.5862	2.36982	20.1711	0.00210914	1.34509	0.0269603	8	0.019626	0.0180447	0.0106679	0.00766136	0.0505697	0.0111865	0		identifiable	capability
T2	6	Autocatalysis	2	4	box IC 3	2	2	2	True	52.1749	2.36799	18.9337	0.00403852	0.727356	0.0235473	8	0.0340394	0.0436802	0.00993305	0.0230069	0.0549766	0.0386002	0		identifiable	capability
T2	6	Autocatalysis	2	5	box IC 4	2	2	2	True	8.26006	2.52165	28.301	5.99542e-06	5.40899	0.261376	8	0.000548642	0.00103787	0.000286415	0.000444675	0.00042448	0.00054977	0		identifiable	capability
T2	6	Autocatalysis	2	6	box IC 5	2	2	2	True	8.27863	2.52139	28.4299	5.6334e-06	5.47346	0.266708	8	0.000557254	0.00116241	0.00029772	0.000368392	0.000411883	0.000545861	0		identifiable	capability
T2	6	Autocatalysis	2	7	box IC 6	2	2	2	True	8.24881	2.52181	27.9579	7.10815e-06	5.23742	0.245308	8	0.000547326	0.00078004	0.000302828	0.000579612	0.000509638	0.000564511	0		identifiable	capability
T2	6	Autocatalysis	2	8	box IC 7	2	2	2	True	8.2457	2.52186	28.1774	6.36671e-06	5.34722	0.255837	8	0.000544375	0.000931338	0.000285366	0.000504041	0.000446961	0.000554169	0		identifiable	capability
T2	6	Autocatalysis	2	9	box IC 8	2	2	2	True	8.27789	2.5214	27.8185	7.64725e-06	5.16774	0.238387	8	0.00055585	0.000709069	0.000323307	0.000611905	0.000561969	0.000573001	0		identifiable	capability
T2	6	Autocatalysis	2	10	box IC 9	2	2	2	True	8.28212	2.52134	28.4568	5.5604e-06	5.48691	0.267752	8	0.000559505	0.00118965	0.000301463	0.000350676	0.000410652	0.000545089	0		identifiable	capability
T2	7	Gompertz law tumor growth	2	0	IC-1 (ODEBench held-out IC)	2	2	2	True	35.8943	2.39139	13.1793	0.0493751	3.9225	0.104123	8	0.0581804	0.0484315	0.0485183	0.00139758	0.104671	0.087884	0		identifiable	capability
T2	7	Gompertz law tumor growth	2	1	box IC 0	2	2	2	True	36.2395	2.39075	13.21	0.0490915	3.93768	0.105255	8	0.058041	0.0482572	0.0484214	0.00140931	0.104365	0.0877517	0		identifiable	capability
T2	7	Gompertz law tumor growth	2	2	box IC 1	2	2	2	True	18.3928	2.44157	10.1168	0.117247	2.42257	0.0194288	8	0.0800831	0.0748115	0.0625562	0.000185569	0.161945	0.100917	0		identifiable	capability
T2	7	Gompertz law tumor growth	2	3	box IC 2	2	2	2	True	8.56845	2.51736	6.56348	0.326239	0.732183	0.183911	8	0.0899496	0.0749427	0.0677899	0.00228572	0.0516865	0.253043	0		identifiable	capability
T2	7	Gompertz law tumor growth	2	4	box IC 3	2	2	2	True	9.41545	2.50663	6.27408	0.413345	0.619425	0.256695	8	0.114593	0.0564406	0.108486	0.00267384	0.0294182	0.375944	0		identifiable	capability
T2	7	Gompertz law tumor growth	2	5	box IC 4	2	2	2	True	46.5358	2.37484	13.9713	0.0430686	4.31547	0.134276	8	0.0548794	0.0441865	0.0461997	0.00175602	0.0976961	0.0845585	0		identifiable	capability
T2	7	Gompertz law tumor growth	2	6	box IC 5	2	2	2	True	52.5538	2.36757	14.3203	0.0408463	4.48889	0.148134	8	0.0535972	0.0424418	0.0452913	0.00193858	0.0951511	0.0831631	0		identifiable	capability
T2	7	Gompertz law tumor growth	2	7	box IC 6	2	2	2	True	34.5284	2.39398	13.0538	0.0505768	3.86029	0.0995138	8	0.0587618	0.0491557	0.0489224	0.00134599	0.105956	0.0884289	0		identifiable	capability
T2	7	Gompertz law tumor growth	2	8	box IC 7	2	2	2	True	41.5769	2.38185	13.6366	0.045493	4.1493	0.121311	8	0.0562026	0.0459215	0.0471334	0.00159706	0.100422	0.0859384	0		identifiable	capability
T2	7	Gompertz law tumor growth	2	9	box IC 8	2	2	2	True	31.0462	2.40128	12.6967	0.0543771	3.68354	0.0866723	8	0.0605165	0.0513165	0.0501321	0.00120396	0.109931	0.0899993	0		identifiable	capability
T2	7	Gompertz law tumor growth	2	10	box IC 9	2	2	2	True	53.9208	2.36606	14.3926	0.0404201	4.52484	0.151046	8	0.0533429	0.0420865	0.045111	0.00197867	0.0946584	0.0828798	0		identifiable	capability
T2	8	Logistic equation Allee effect	3	0	IC-1 (ODEBench held-out IC)	3	3	3	True	5522.64	3.21087	2.94627	9485.98	2.00797	0.835488	8	20.5481	2.0048	1.73661	95.208	2.03658	1.75424	0		identifiable	capability
T2	8	Logistic equation Allee effect	3	1	box IC 0	3	3	3	True	257.45	3.2932	37.0578	0.0015126	14.4767	3.60936	8	0.00673292	0.0096059	0.000591668	0.00127664	0.00919552	0.0129949	0		identifiable	capability
T2	8	Logistic equation Allee effect	3	2	box IC 1	3	3	3	True	201.151	3.30271	35.0659	0.00173472	13.4809	3.60949	8	0.0067577	0.00374214	0.000609604	0.00358865	0.00965296	0.0161951	0		identifiable	capability
T2	8	Logistic equation Allee effect	3	3	box IC 2	3	3	3	True	72045.3	3.17072	-4.23048	704630	0.785983	0.504277	8	14.2525	2.96461	2.69735	59.5387	3.27402	2.78799	0		identifiable	capability
T2	8	Logistic equation Allee effect	3	4	box IC 3	3	3	3	True	5941.74	3.20947	2.94602	10923.7	2.07729	0.814261	8	20.8576	2.04552	1.75458	96.6336	2.07985	1.77421	0		identifiable	capability
T2	8	Logistic equation Allee effect	3	5	box IC 4	3	3	3	True	278.061	3.29035	35.2061	0.00156044	13.5509	3.57375	8	0.00764332	0.0135379	0.00205645	0.00274763	0.00683883	0.0130358	0		identifiable	capability
T2	8	Logistic equation Allee effect	3	6	box IC 5	3	3	3	True	567.251	3.2664	31.1805	0.00632751	11.5404	3.55884	8	0.027571	0.0470392	0.0235382	0.0331271	0.0179032	0.0162472	0		identifiable	capability
T2	8	Logistic equation Allee effect	3	7	box IC 6	3	3	3	True	254.142	3.29368	37.2318	0.00151552	14.5637	3.61654	8	0.00679873	0.00911856	0.000762392	0.00160488	0.0094656	0.0130422	0		identifiable	capability
T2	8	Logistic equation Allee effect	3	8	box IC 7	3	3	3	True	267.179	3.29182	36.3171	0.0015136	14.1064	3.58874	8	0.00674143	0.011131	0.000517792	0.000879086	0.0082456	0.0129337	0		identifiable	capability
T2	8	Logistic equation Allee effect	3	9	box IC 8	3	3	3	True	246.945	3.29476	37.4975	0.00152436	14.6965	3.63157	8	0.00689544	0.00799496	0.000977375	0.00233808	0.00995793	0.0132089	0		identifiable	capability
T2	8	Logistic equation Allee effect	3	10	box IC 9	3	3	3	True	1266.36	3.24375	29.4124	0.0302552	10.6682	3.55544	8	0.0609223	0.0924561	0.0621562	0.080955	0.0613747	0.00766968	0		identifiable	capability
T2	9	Language death model	2	0	IC-1 (ODEBench held-out IC)	2	2	2	True	3.48593	2.64837	19.9906	0.00017209	2.7205	0.0606611	8	0.00214904	0.000873608	0.00121773	0.00121685	0.00482395	0.00261305	0		identifiable	capability
T2	9	Language death model	2	1	box IC 0	2	2	2	True	2.76509	2.69362	20.373	0.000117801	2.91167	0.0651888	8	0.00193354	0.00107421	0.00116732	0.000963717	0.00385714	0.0026053	0		identifiable	capability
T2	9	Language death model	2	2	box IC 1	2	2	2	True	12.2922	2.47855	17.798	0.00168931	1.62495	0.0346319	8	0.00943947	0.0145596	0.00411194	0.00479793	0.0215021	0.00222578	0		identifiable	capability
T2	9	Language death model	2	3	box IC 2	2	2	2	True	17.257	2.44703	17.4595	0.00279982	1.45627	0.0428829	8	0.0116357	0.0504177	0.000915	0.00157797	0.0017755	0.00349214	0		identifiable	capability
T2	9	Language death model	2	4	box IC 3	2	2	2	True	14.7723	2.46095	17.8103	0.00201362	1.63126	0.0574036	8	0.00959642	0.0382332	0.00123607	0.00180147	0.00403678	0.00267456	0		identifiable	capability
T2	9	Language death model	2	5	box IC 4	2	2	2	True	1.91347	2.78014	20.9788	6.77945e-05	3.21456	0.0719644	8	0.00168478	0.0011063	0.00116251	0.000672587	0.00289952	0.00258299	0		identifiable	capability
T2	9	Language death model	2	6	box IC 5	2	2	2	True	1.62728	2.82545	21.2543	5.43594e-05	3.35231	0.0748008	8	0.00160679	0.00106795	0.00117418	0.000575535	0.00264483	0.00257145	0		identifiable	capability
T2	9	Language death model	2	7	box IC 6	2	2	2	True	2.98402	2.67806	20.2477	0.000133136	2.84902	0.063709	8	0.0019991	0.0010301	0.00117811	0.00103991	0.00413873	0.00260865	0		identifiable	capability
T2	9	Language death model	2	8	box IC 7	2	2	2	True	2.24695	2.73987	20.7135	8.55465e-05	3.08188	0.0690808	8	0.00178012	0.00112001	0.00115743	0.000785692	0.00324385	0.00259361	0		identifiable	capability
T2	9	Language death model	2	9	box IC 8	2	2	2	True	3.55175	2.64498	19.9595	0.000177588	2.70496	0.0602915	8	0.00216858	0.000847424	0.00122446	0.00124029	0.0049174	0.0026133	0		identifiable	capability
T2	9	Language death model	2	10	box IC 9	2	2	2	True	1.57573	2.83509	21.3113	5.20926e-05	3.38077	0.0753658	8	0.00159316	0.00105837	0.00117708	0.00055782	0.00260348	0.00256905	0		identifiable	capability
T2	10	Refined language death model	2	0	IC-1 (ODEBench held-out IC)	2	2	2	True	3.58608	2.64324	14.2457	0.00311699	2.90143	1.35766	7	0.00904742	0.00688817	0.00745464	0.00128451	0.00739285	0.0222169	0		identifiable	capability
T2	10	Refined language death model	2	1	box IC 0	2	2	2	True	9.0879	2.5106	13.4741	0.0109103	2.5195	0.555923	7	0.0125844	0.0120071	0.00459546	0.00132062	0.0343923	0.0106064	0		identifiable	capability
T2	10	Refined language death model	2	2	box IC 1	2	2	2	True	3.9017	2.62844	14.0223	0.00374948	2.79009	2.85702	8	0.0104153	0.0069806	0.00942	0.00208708	0.00653638	0.0270524	0		identifiable	capability
T2	10	Refined language death model	2	3	box IC 2	2	2	2	True	20.5535	2.43236	10.6939	0.0981232	1.17078	6.60374	8	0.045773	0.0164967	0.0433837	0.0312858	0.0155844	0.122114	0		identifiable	capability
T2	10	Refined language death model	2	4	box IC 3	2	2	2	True	50.7477	2.36963	8.88439	0.597535	0.453513	7.64134	8	0.137064	0.088718	0.0765206	0.104643	0.194596	0.220842	0		identifiable	capability
T2	10	Refined language death model	2	5	box IC 4	2	2	2	True	113.074	2.32751	8.71825	1.44629	0.583485	0.236059	7	3.72753	9.14141	0.212251	0.0813368	9.06325	0.139384	0		identifiable	capability
T2	10	Refined language death model	2	6	box IC 5	2	2	2	True	30.2734	2.40305	10.7238	0.142194	1.20545	0.0966311	7	0.0655086	0.154123	0.0133826	0.0209734	0.0480176	0.0910463	0		identifiable	capability
T2	10	Refined language death model	2	7	box IC 6	2	2	2	True	7.5268	2.53288	13.718	0.0080424	2.64004	0.619791	7	0.0109928	0.0111019	0.00372171	0.00103712	0.027535	0.0115686	0		identifiable	capability
T2	10	Refined language death model	2	8	box IC 7	2	2	2	True	19.8769	2.4351	12.2039	0.044607	1.90081	0.377599	7	0.0245363	0.0102967	0.0137349	0.00186913	0.0891468	0.00763397	0		identifiable	capability
T2	10	Refined language death model	2	9	box IC 8	2	2	2	True	5.45624	2.57574	14.0673	0.00497249	2.81316	0.762357	7	0.00912559	0.00941464	0.00357789	0.000549239	0.0184529	0.0136333	0		identifiable	capability
T2	10	Refined language death model	2	10	box IC 9	2	2	2	True	26.2939	2.41325	10.7548	0.121649	1.21185	0.0702583	7	0.0624294	0.120265	0.0215041	0.0187308	0.0373277	0.114319	0		identifiable	capability
T2	12	Photons in a laser	2	0	IC-1 (ODEBench held-out IC)	2	2	2	True	6.38041	2.55406	20.3122	0.000253886	2.05963	0.232966	8	0.00251822	0.00207097	0.00189963	0.00144765	0.00173282	0.00544002	0		identifiable	capability
T2	12	Photons in a laser	2	1	box IC 0	2	2	2	True	37.0248	2.38933	18.1158	0.00431537	0.963424	0.0202668	8	0.0261004	0.0660951	0.00906596	0.0098419	0.0405613	0.00493777	0		identifiable	capability
T2	12	Photons in a laser	2	2	box IC 1	2	2	2	True	9.88545	2.50125	20.1317	0.000424503	1.96943	0.076559	8	0.00345008	0.0100183	0.00128692	0.000502067	0.00239913	0.00304403	0		identifiable	capability
T2	12	Photons in a laser	2	3	box IC 2	2	2	2	True	7.69992	2.53009	19.8448	0.000384149	1.82599	0.27162	8	0.00331049	0.00256349	0.00270357	0.00217623	0.00146857	0.0076406	0		identifiable	capability
T2	12	Photons in a laser	2	4	box IC 3	2	2	2	True	13.9028	2.46661	18.5938	0.00128157	1.20094	0.321897	8	0.0083641	0.00946517	0.00650977	0.00660925	0.00316801	0.0160683	0		identifiable	capability
T2	12	Photons in a laser	2	5	box IC 4	2	2	2	True	18.7457	2.43997	19.6686	0.00100729	1.73819	0.0368437	8	0.00710672	0.00392947	0.00479664	0.00693543	0.017405	0.00246711	0		identifiable	capability
T2	12	Photons in a laser	2	6	box IC 5	2	2	2	True	14.9185	2.46004	20.2177	0.000610162	2.01256	0.0451926	8	0.0055278	0.00182271	0.00418516	0.00619158	0.0132071	0.00223248	0		identifiable	capability
T2	12	Photons in a laser	2	7	box IC 6	2	2	2	True	42.4609	2.38052	17.8042	0.00578222	0.80837	0.0178729	8	0.0339076	0.0969397	0.0104295	0.0097872	0.0461623	0.00621931	0		identifiable	capability
T2	12	Photons in a laser	2	8	box IC 7	2	2	2	True	24.5487	2.41841	19.0433	0.00180114	1.42593	0.0289599	8	0.0117184	0.0171139	0.00596205	0.0080554	0.0244683	0.00299251	0		identifiable	capability
T2	12	Photons in a laser	2	9	box IC 8	2	2	2	True	45.4058	2.37635	17.5864	0.00689407	0.700035	0.0157545	8	0.037812	0.130286	0.0094804	0.00473316	0.0367654	0.00779507	0		identifiable	capability
T2	12	Photons in a laser	2	10	box IC 9	2	2	2	True	14.3084	2.46391	20.3208	0.000556047	2.06404	0.0468905	8	0.00549843	0.00253293	0.00410224	0.00607561	0.0125788	0.00220255	0		identifiable	capability
T2	13	Overdamped bead	2	0	IC-1 (ODEBench held-out IC)	2	2	2	True	103.762	2.33156	6.47602	4.0722	1.59569	0.135567	8	0.356546	0.343887	0.223771	0.410856	0.537283	0.266931	0		identifiable	capability
T2	13	Overdamped bead	2	1	box IC 0	2	2	2	True	22.9968	2.42343	8.49689	0.329163	1.93644	0.377781	8	0.181042	0.25612	0.143074	0.0240511	0.152197	0.329768	0		identifiable	capability
T2	13	Overdamped bead	2	2	box IC 1	2	2	2	True	3.18829	2.66509	7.90246	0.0673458	1.52964	0.235823	8	0.0452047	0.0820991	0.0236669	0.00806078	0.0343643	0.0778325	0		identifiable	capability
T2	13	Overdamped bead	2	3	box IC 2	2	2	2	True	863.135	2.25406	2.50196	247.05	1.5536	0.0815924	8	5.83654	13.6498	0.589855	0.354729	12.3422	2.2461	0		identifiable	capability
T2	13	Overdamped bead	2	4	box IC 3	2	2	2	True	4025.35	2.21716	-2.95773	17661	0.956908	0.0382017	8	9.42018	19.0069	9.85435	2.87517	3.6076	11.7569	0		identifiable	capability
T2	13	Overdamped bead	2	5	box IC 4	2	2	2	True	20.3842	2.43303	7.24551	0.545753	1.38638	0.165037	8	0.106334	0.0982382	0.0497958	0.139256	0.175531	0.0688493	0		identifiable	capability
T2	13	Overdamped bead	2	6	box IC 5	2	2	2	True	206.148	2.30173	5.71574	11.8313	1.67959	0.121657	8	0.592747	0.609387	0.457141	0.536472	0.932084	0.428649	0		identifiable	capability
T2	13	Overdamped bead	2	7	box IC 6	2	2	2	True	32.4842	2.39814	8.58222	0.445121	2.02092	0.451895	8	0.208078	0.29333	0.159205	0.0356274	0.176347	0.375881	0		identifiable	capability
T2	13	Overdamped bead	2	8	box IC 7	2	2	2	True	3.23834	2.66211	7.90797	0.0680275	1.53271	0.236612	8	0.065943	0.0432742	0.0606441	0.0199438	0.0422373	0.163615	0		identifiable	capability
T2	13	Overdamped bead	2	9	box IC 8	2	2	2	True	38.2827	2.38715	8.05949	0.681087	1.8352	0.672681	8	0.265432	0.322514	0.203076	0.0667509	0.238582	0.496238	0		identifiable	capability
T2	13	Overdamped bead	2	10	box IC 9	2	2	2	True	371.934	2.28008	4.67393	35.9367	1.68734	0.106871	8	0.892824	0.815318	0.814705	0.658498	1.50178	0.673813	0		identifiable	capability
T2	14	Budworm outbreak model	4	0	IC-1 (ODEBench held-out IC)	4	4	4	True	8098.97	4.20373	21.2622	53.5316	7.00897	0.535111	8	inf	nan	0.486469	0.83214	0.951693	0.628217	1	lm status 0 (The maximum number of function evaluations is exceeded.)	identifiable	capability
T2	14	Budworm outbreak model	4	1	box IC 0	4	4	4	True	6087.08	4.20901	23.2941	17.5675	7.54026	0.756823	8	inf	nan	0.464218	1.47428	0.995139	0.667397	1	lm status 0 (The maximum number of function evaluations is exceeded.)	identifiable	capability
T2	14	Budworm outbreak model	4	2	box IC 1	4	4	4	True	12884.9	4.19569	18.5434	198.275	6.30392	0.394641	8	inf	nan	0.579485	0.769619	0.975664	0.666223	1	lm status 0 (The maximum number of function evaluations is exceeded.)	identifiable	capability
T2	14	Budworm outbreak model	4	3	box IC 2	4	4	4	True	1.57751e+07	4.12198	-9.44383	206203	0.527631	0.0569949	8	15.535	9.4825	0.754446	6.39291	1.35993	59.6855	0		identifiable	capability
T2	14	Budworm outbreak model	4	4	box IC 3	4	4	4	True	6.29987e+06	4.12822	-6.01994	197306	0.960411	0.0683545	8	7.37535	7.03874	11.3551	1.2987	1.65358	15.5306	0		identifiable	capability
T2	14	Budworm outbreak model	4	5	box IC 4	4	4	4	True	6319.61	4.2083	23.707	13.378	7.68773	0.871733	8	inf	nan	0.475677	2.65381	1.03151	0.708245	1	lm status 0 (The maximum number of function evaluations is exceeded.)	identifiable	capability
T2	14	Budworm outbreak model	4	6	box IC 5	4	4	4	True	6765.96	4.20703	23.6932	12.7229	7.72106	0.926126	8	inf	nan	0.481467	nan	1.04982	0.729728	2	lm status 0 (The maximum number of function evaluations is exceeded.) | lm status 0 (The maximum number of function evaluations is exceeded.)	identifiable	capability
T2	14	Budworm outbreak model	4	7	box IC 6	4	4	4	True	6144.2	4.20884	23.1604	19.0167	7.50205	0.734138	8	inf	nan	0.462791	1.32521	0.98856	0.660384	1	lm status 0 (The maximum number of function evaluations is exceeded.)	identifiable	capability
T2	14	Budworm outbreak model	4	8	box IC 7	4	4	4	True	6103.53	4.20896	23.583	14.702	7.63256	0.820447	8	inf	nan	0.470036	2.41885	1.01479	0.689097	1	lm status 0 (The maximum number of function evaluations is exceeded.)	identifiable	capability
T2	14	Budworm outbreak model	4	9	box IC 8	4	4	4	True	6383.98	4.20811	22.8092	23.3267	7.40721	0.683696	8	inf	nan	0.461577	1.10722	0.975099	0.646579	1	lm status 0 (The maximum number of function evaluations is exceeded.)	identifiable	capability
T2	14	Budworm outbreak model	4	10	box IC 9	4	4	4	True	6889.46	4.20669	23.6652	12.6799	7.72413	0.937473	8	inf	nan	0.482531	nan	1.05371	0.734344	2	lm status 0 (The maximum number of function evaluations is exceeded.) | lm status 0 (The maximum number of function evaluations is exceeded.)	identifiable	capability
T2	15	Budworm outbreak predation	2	0	IC-1 (ODEBench held-out IC)	2	2	2	True	9.50334	2.50559	12.6338	0.0173484	1.54723	0.809133	8	0.0283704	0.0324329	0.0225522	0.0121016	0.0147818	0.0599837	0		identifiable	capability
T2	15	Budworm outbreak predation	2	1	box IC 0	2	2	2	True	4.61407	2.60093	14.4995	0.00343161	2.47316	0.179881	8	0.00924331	0.0139515	0.00486475	0.00198008	0.00886395	0.0165563	0		identifiable	capability
T2	15	Budworm outbreak predation	2	2	box IC 1	2	2	2	True	5.94571	2.56363	13.6375	0.00668301	2.0438	0.604114	8	0.0142416	0.0161374	0.0113169	0.00460454	0.00586819	0.033281	0		identifiable	capability
T2	15	Budworm outbreak predation	2	3	box IC 2	2	2	2	True	31.072	2.40122	10.2389	0.185983	0.426458	0.945626	8	0.169829	0.232103	0.10179	0.14698	0.169101	0.199172	0		identifiable	capability
T2	15	Budworm outbreak predation	2	4	box IC 3	2	2	2	True	46.8547	2.37443	9.41618	0.422916	0.106187	0.858434	8	0.325228	0.432542	0.160071	0.439373	0.327599	0.266553	0		identifiable	capability
T2	15	Budworm outbreak predation	2	5	box IC 4	2	2	2	True	5.24035	2.58161	14.4492	0.00395622	2.44831	0.0970735	8	0.00974239	0.017492	0.00402704	0.00201495	0.0104964	0.0146815	0		identifiable	capability
T2	15	Budworm outbreak predation	2	6	box IC 5	2	2	2	True	5.92566	2.5641	14.3184	0.00473946	2.38329	0.133341	8	0.0106045	0.0211428	0.00373443	0.00223697	0.0115731	0.0143354	0		identifiable	capability
T2	15	Budworm outbreak predation	2	7	box IC 6	2	2	2	True	4.56922	2.60247	14.4846	0.00342669	2.46572	0.207197	8	0.00927342	0.0136003	0.00507002	0.00201654	0.00860485	0.0170754	0		identifiable	capability
T2	15	Budworm outbreak predation	2	8	box IC 7	2	2	2	True	4.86216	2.59283	14.5016	0.00359625	2.47429	0.110649	8	0.00936099	0.0154535	0.00436252	0.00194733	0.00968515	0.0153564	0		identifiable	capability
T2	15	Budworm outbreak predation	2	9	box IC 8	2	2	2	True	4.53593	2.60362	14.4293	0.00349938	2.43812	0.267843	8	0.00945632	0.0130787	0.00558426	0.00214074	0.00807027	0.0184076	0		identifiable	capability
T2	15	Budworm outbreak predation	2	10	box IC 9	2	2	2	True	6.12432	2.55958	14.278	0.00498946	2.36321	0.144211	8	0.0108758	0.0222215	0.00368231	0.00231432	0.0118314	0.0143294	0		identifiable	capability
T2	16	Landau equation	3	0	IC-1 (ODEBench held-out IC)	3	3	3	True	526.589	3.26871	11.0874	30.834	3.8354	0.142962	8	3.03623	0.233564	0.494766	0.333993	6.81394	7.30487	0		identifiable	capability
T2	16	Landau equation	3	1	box IC 0	3	3	3	True	6506.21	3.20776	-1.0152	36924.3	1.35136	0.152054	8	10.3415	3.72238	2.89362	31.6488	10.382	3.06063	0		identifiable	capability
T2	16	Landau equation	3	2	box IC 1	3	3	3	True	64958.7	3.17204	-8.48896	1.97114e+06	0.39948	0.113373	8	8.60949	8.53209	8.56697	7.50637	9.43786	9.00416	0		identifiable	capability
T2	16	Landau equation	3	3	box IC 2	3	3	3	True	311.272	3.28628	13.6731	6.04304	4.37313	0.218679	8	0.0354403	0.0442147	0.0187265	0.0559542	0.0153119	0.0429944	0		identifiable	capability
T2	16	Landau equation	3	4	box IC 3	3	3	3	True	244.863	3.29508	14.9243	2.73422	4.68114	0.266811	8	0.0262002	0.0176855	0.0183988	0.0360123	0.0239886	0.0349158	0		identifiable	capability
T2	16	Landau equation	3	5	box IC 4	3	3	3	True	2699.13	3.22567	4.01953	2288.83	2.4496	0.0838126	8	33.8574	147.453	6.56529	1.59927	6.61617	7.053	0		identifiable	capability
T2	16	Landau equation	3	6	box IC 5	3	3	3	True	524.913	3.26881	11.1025	30.5441	3.83835	0.14332	8	3.01394	0.230932	0.489846	0.332309	6.75591	7.26069	0		identifiable	capability
T2	16	Landau equation	3	7	box IC 6	3	3	3	True	5276.67	3.21176	-0.84609	26683.1	1.27608	0.160962	8	9.59492	3.42993	2.75206	35.0787	3.81512	2.89885	0		identifiable	capability
T2	16	Landau equation	3	8	box IC 7	3	3	3	True	60426.6	3.17297	-8.26715	1.75379e+06	0.408086	0.113675	8	11.9028	6.60746	8.34335	26.4776	9.57825	8.50716	0		identifiable	capability
T2	16	Landau equation	3	9	box IC 8	3	3	3	True	4193.95	3.21633	-1.91423	18969.4	0.670901	0.17229	8	4.92107	3.25699	2.55497	12.5684	3.56224	2.66274	0		identifiable	capability
T2	16	Landau equation	3	10	box IC 9	3	3	3	True	402.831	3.27738	12.3792	13.6869	4.09402	0.176991	8	0.827953	0.0956882	0.235106	0.210011	0.758653	2.84031	0		identifiable	capability
T2	17	Logistic equation harvesting	3	0	IC-1 (ODEBench held-out IC)	3	3	3	True	1113.44	3.24712	13.8684	31.8856	3.94746	0.677948	8	50.207	61.5697	36.4359	0.772338	8.71872	143.538	0		identifiable	capability
T2	17	Logistic equation harvesting	3	1	box IC 0	3	3	3	True	1390.5	3.24136	16.9501	21.5667	5.29954	1.07037	8	38.5195	15.6655	73.4046	0.757004	19.2748	83.4958	0		identifiable	capability
T2	17	Logistic equation harvesting	3	2	box IC 1	3	3	3	True	1318.92	3.24271	12.053	55.7655	3.31377	0.545945	8	74.437	182.501	7.33693	0.894358	8.34525	173.107	0		identifiable	capability
T2	17	Logistic equation harvesting	3	3	box IC 2	3	3	3	True	319.131	3.28539	10.3201	10.19	1.6483	0.435953	8	2.43774	1.02713	0.636593	8.42433	1.36214	0.738539	0		identifiable	capability
T2	17	Logistic equation harvesting	3	4	box IC 3	3	3	3	True	182.112	3.30672	11.1306	3.65185	1.61437	1.31152	8	2.15646	0.747486	0.417535	8.15294	0.983639	0.480696	0		identifiable	capability
T2	17	Logistic equation harvesting	3	5	box IC 4	3	3	3	True	2381.84	3.22847	17.34	35.763	5.73848	1.23365	8	90.9879	67.8452	78.269	0.94878	113.925	193.952	0		identifiable	capability
T2	17	Logistic equation harvesting	3	6	box IC 5	3	3	3	True	3437.72	3.22045	17.3226	54.2392	5.93338	1.3111	8	146.107	176.963	230.151	1.07778	155.712	166.631	0		identifiable	capability
T2	17	Logistic equation harvesting	3	7	box IC 6	3	3	3	True	1300.74	3.24306	16.8017	20.7346	5.20657	1.03813	8	28.4507	31.3775	57.776	0.738019	8.9302	43.4317	0		identifiable	capability
T2	17	Logistic equation harvesting	3	8	box IC 7	3	3	3	True	1790.76	3.23513	17.2475	26.5704	5.54837	1.16075	8	58.1928	24.4269	124.176	0.840814	46.4721	95.0484	0		identifiable	capability
T2	17	Logistic equation harvesting	3	9	box IC 8	3	3	3	True	1164.33	3.24594	16.4015	20.0457	4.99039	0.966327	8	73.5251	35.4269	40.7625	0.711682	8.55839	282.166	0		identifiable	capability
T2	17	Logistic equation harvesting	3	10	box IC 9	3	3	3	True	3696.54	3.21892	17.3284	58.5225	5.97359	1.32729	8	205.589	194.697	509.071	1.09173	168.663	154.424	0		identifiable	capability
T2	18	Improved logistic equation harvesting	4	0	IC-1 (ODEBench held-out IC)	4	4	4	True	1.12519e+06	4.14182	-6.23899	1.30892e+06	3.79271	0.439464	8	inf	nan	8.25481	36.8258	1.65884	9.41412	1	lm status 0 (The maximum number of function evaluations is exceeded.)	practically_non_identifiable	design_within_class
T2	18	Improved logistic equation harvesting	4	1	box IC 0	4	4	4	True	592476	4.14765	-3.73374	1.14863e+06	4.65645	0.64138	8	inf	nan	5.97129	12.9642	8.33393	114.995	1	lm status 0 (The maximum number of function evaluations is exceeded.)	practically_non_identifiable	design_within_class
T2	18	Improved logistic equation harvesting	4	2	box IC 1	4	4	4	True	1.10277e+07	4.12434	-12.1519	1.46782e+06	2.09776	0.219349	8	23.3071	3.69675	57.7573	48.4136	1.35635	5.31132	0		practically_non_identifiable	design_within_class
T2	18	Improved logistic equation harvesting	4	3	box IC 2	4	4	4	True	3.81133e+06	4.13191	-11.5109	1.35197e+06	1.43047	0.243635	8	inf	3.16863	nan	2.50987	nan	nan	3	lm status 0 (The maximum number of function evaluations is exceeded.) | lm status 0 (The maximum number of function evaluations is exceeded.) | lm status 0 (The maximum number of function evaluations is exceeded.)	practically_non_identifiable	design_within_class
T2	18	Improved logistic equation harvesting	4	4	box IC 3	4	4	4	True	5.61597e+06	4.12904	-12.5512	1.3476e+06	0.794603	0.307494	8	inf	1.408	1.80197	2.7331	nan	107.425	1	lm status 0 (The maximum number of function evaluations is exceeded.)	practically_non_identifiable	design_within_class
T2	18	Improved logistic equation harvesting	4	5	box IC 4	4	4	4	True	580119	4.14785	-2.9371	1.03531e+06	5.14578	0.786583	8	inf	nan	65.1342	24.2115	24.5363	140.66	1	lm status 0 (The maximum number of function evaluations is exceeded.)	practically_non_identifiable	design_within_class
T2	18	Improved logistic equation harvesting	4	6	box IC 5	4	4	4	True	852409	4.14429	-3.04133	1.1351e+06	5.36003	0.857168	8	inf	nan	247.047	2.97413	9.17297	136.523	1	lm status 0 (The maximum number of function evaluations is exceeded.)	practically_non_identifiable	design_within_class
T2	18	Improved logistic equation harvesting	4	7	box IC 6	4	4	4	True	622446	4.14719	-3.99269	1.17695e+06	4.55206	0.613296	8	inf	nan	4.58529	61.4543	40.7206	21.2419	1	lm status 0 (The maximum number of function evaluations is exceeded.)	practically_non_identifiable	design_within_class
T2	18	Improved logistic equation harvesting	4	8	box IC 7	4	4	4	True	552194	4.14832	-3.16567	1.07029e+06	4.93453	0.721147	8	inf	nan	3.43065	13.302	8.3291	174.662	1	lm status 0 (The maximum number of function evaluations is exceeded.)	practically_non_identifiable	design_within_class
T2	18	Improved logistic equation harvesting	4	9	box IC 8	4	4	4	True	723917	4.14578	-4.65957	1.23393e+06	4.3077	0.551485	8	inf	nan	1.96779	88.1606	1.83301	47.6543	1	lm status 0 (The maximum number of function evaluations is exceeded.)	practically_non_identifiable	design_within_class
T2	18	Improved logistic equation harvesting	4	10	box IC 9	4	4	4	True	1.07403e+06	4.14223	-3.10377	1.19755e+06	5.40366	0.872055	8	inf	nan	104.685	4.21413	41.1024	185.255	1	lm status 0 (The maximum number of function evaluations is exceeded.)	practically_non_identifiable	design_within_class
T2	19	Improved logistic equation harvesting dimensionless	2	0	IC-1 (ODEBench held-out IC)	2	2	2	True	43.8338	2.37853	6.28243	1.89593	0.248338	0.0288271	8	0.533027	0.831277	0.225321	0.190379	0.264457	1.1537	0		identifiable	capability
T2	19	Improved logistic equation harvesting dimensionless	2	1	box IC 0	2	2	2	True	11.0328	2.48955	11.2646	0.0398246	2.227	0.0161673	8	0.0333446	0.0503964	0.0189706	0.00427088	0.0712166	0.0218687	0		identifiable	capability
T2	19	Improved logistic equation harvesting dimensionless	2	2	box IC 1	2	2	2	True	26.1342	2.4137	9.25039	0.256536	1.31456	0.0124105	8	0.0753528	0.0204048	0.052086	0.0155043	0.241921	0.0468476	0		identifiable	capability
T2	19	Improved logistic equation harvesting dimensionless	2	3	box IC 2	2	2	2	True	42.1028	2.38105	6.62766	1.53242	0.353822	0.024124	8	0.363401	0.768802	0.140464	0.162436	0.117545	0.627757	0		identifiable	capability
T2	19	Improved logistic equation harvesting dimensionless	2	4	box IC 3	2	2	2	True	45.9852	2.37557	6.14513	2.13022	0.218605	0.0297422	8	0.655317	0.967762	0.261283	0.207399	0.354655	1.48548	0		identifiable	capability
T2	19	Improved logistic equation harvesting dimensionless	2	5	box IC 4	2	2	2	True	9.28767	2.50815	11.568	0.0289036	2.3734	0.0163711	8	0.0291451	0.0505194	0.0162761	0.00155756	0.0584989	0.0188734	0		identifiable	capability
T2	19	Improved logistic equation harvesting dimensionless	2	6	box IC 5	2	2	2	True	8.62772	2.51656	11.6806	0.0254257	2.42802	0.0162829	8	0.027789	0.0506027	0.0153877	0.00105487	0.0541474	0.0177521	0		identifiable	capability
T2	19	Improved logistic equation harvesting dimensionless	2	7	box IC 6	2	2	2	True	11.4507	2.48571	11.1925	0.0428259	2.19238	0.0160593	8	0.0343983	0.0503487	0.0196746	0.00488161	0.0745047	0.022582	0		identifiable	capability
T2	19	Improved logistic equation harvesting dimensionless	2	8	box IC 7	2	2	2	True	9.99913	2.50001	11.4445	0.033048	2.31365	0.0163343	8	0.0308063	0.0504695	0.0173212	0.00266633	0.0634798	0.0200946	0		identifiable	capability
T2	19	Improved logistic equation harvesting dimensionless	2	9	box IC 8	2	2	2	True	12.4957	2.47693	11.015	0.0510101	2.10753	0.0157181	8	0.037085	0.0501418	0.0215139	0.0063077	0.083112	0.0243495	0		identifiable	capability
T2	19	Improved logistic equation harvesting dimensionless	2	10	box IC 9	2	2	2	True	8.50065	2.51828	11.7019	0.0247957	2.43837	0.0162483	8	0.0275726	0.050626	0.015227	0.00113024	0.0533408	0.0175387	0		identifiable	capability
T2	20	Autocatalytic gene switching	2	0	IC-1 (ODEBench held-out IC)	2	2	2	True	3.26282	2.66068	25.0398	1.30394e-05	3.34225	0.0496243	8	0.000788483	0.000409962	0.000642417	0.000183071	0.00168631	0.00102066	0		identifiable	capability
T2	20	Autocatalytic gene switching	2	1	box IC 0	2	2	2	True	5.06682	2.5866	27.2217	6.45974e-06	4.43319	0.0577719	8	0.000660126	0.000406867	0.000570946	8.41278e-05	0.00123596	0.00100273	0		identifiable	capability
T2	20	Autocatalytic gene switching	2	2	box IC 1	2	2	2	True	3.26681	2.66045	25.223	1.19104e-05	3.43383	0.0506126	8	0.000770788	0.000416658	0.000632225	0.000168136	0.00161783	0.00101909	0		identifiable	capability
T2	20	Autocatalytic gene switching	2	3	box IC 2	2	2	2	True	10.8912	2.4909	21.1962	0.000274173	1.42057	0.0257311	8	0.00491674	0.00884442	0.00225872	0.00181299	0.0101652	0.00150241	0		identifiable	capability
T2	20	Autocatalytic gene switching	2	4	box IC 3	2	2	2	True	18.2767	2.44211	20.0758	0.000801295	0.860632	0.0182762	8	0.0130959	0.0331752	0.00459162	0.00368464	0.0204722	0.00355612	0		identifiable	capability
T2	20	Autocatalytic gene switching	2	5	box IC 4	2	2	2	True	6.02888	2.56172	27.6875	6.02212e-06	4.66611	0.0569792	8	0.000647969	0.000406181	0.000562897	7.67031e-05	0.00119587	0.000998188	0		identifiable	capability
T2	20	Autocatalytic gene switching	2	6	box IC 5	2	2	2	True	6.52746	2.55104	27.8873	5.87716e-06	4.76599	0.0562263	8	0.000644062	0.000407866	0.000559902	7.47145e-05	0.00118149	0.000996336	0		identifiable	capability
T2	20	Autocatalytic gene switching	2	7	box IC 6	2	2	2	True	4.89126	2.59192	27.121	6.57591e-06	4.38283	0.0577572	8	0.000663278	0.000407642	0.000572862	8.61988e-05	0.00124599	0.0010037	0		identifiable	capability
T2	20	Autocatalytic gene switching	2	8	box IC 7	2	2	2	True	5.58501	2.5724	27.4881	6.19105e-06	4.56639	0.0574947	8	0.000652675	0.00040579	0.000566172	7.94327e-05	0.00121186	0.00100013	0		identifiable	capability
T2	20	Autocatalytic gene switching	2	9	box IC 8	2	2	2	True	4.52093	2.60415	26.8856	6.88404e-06	4.26513	0.0574933	8	0.00067138	0.000410012	0.000577625	9.16779e-05	0.0012717	0.00100589	0		identifiable	capability
T2	20	Autocatalytic gene switching	2	10	box IC 9	2	2	2	True	6.63565	2.54888	27.9278	5.85053e-06	4.78623	0.0560502	8	0.000643374	0.000408381	0.000559332	7.44083e-05	0.00117877	0.000995979	0		identifiable	capability
T2	21	Dimensionally reduced SIR	2	0	IC-1 (ODEBench held-out IC)	2	2	2	True	13.0177	2.47292	27.3317	1.52084e-05	3.52343	0.0461125	8	0.000443798	0.000452801	0.000103788	5.13099e-05	0.00116444	0.000446656	0		identifiable	capability
T2	21	Dimensionally reduced SIR	2	1	box IC 0	2	2	2	True	15.9136	2.45418	26.9672	2.22647e-05	3.34119	0.0457056	8	0.00051962	0.000443146	0.00013173	6.43332e-05	0.00147944	0.000479458	0		identifiable	capability
T2	21	Dimensionally reduced SIR	2	2	box IC 1	2	2	2	True	34.6785	2.39369	25.5507	9.82107e-05	2.63296	0.0416607	8	0.00104281	0.000266296	0.000498839	5.79532e-05	0.00390777	0.000483201	0		identifiable	capability
T2	21	Dimensionally reduced SIR	2	3	box IC 2	2	2	2	True	165.724	2.31062	22.5923	0.00205842	1.15476	0.0227511	8	0.0176521	0.0343092	0.00729587	0.00473451	0.0351769	0.00674417	0		identifiable	capability
T2	21	Dimensionally reduced SIR	2	4	box IC 3	2	2	2	True	235.752	2.29652	21.9126	0.00411341	0.815911	0.0173719	8	0.0340975	0.07283	0.0131364	0.0111945	0.0574531	0.0158735	0		identifiable	capability
T2	21	Dimensionally reduced SIR	2	5	box IC 4	2	2	2	True	12.8316	2.47432	27.3579	1.47984e-05	3.53653	0.0461341	8	0.000438841	0.000452458	0.000102422	5.03679e-05	0.00114483	0.000444127	0		identifiable	capability
T2	21	Dimensionally reduced SIR	2	6	box IC 5	2	2	2	True	11.6035	2.48436	27.5415	1.22249e-05	3.6283	0.0462615	8	0.000405842	0.00044715	9.47449e-05	4.38826e-05	0.00101744	0.000425995	0		identifiable	capability
T2	21	Dimensionally reduced SIR	2	7	box IC 6	2	2	2	True	16.6185	2.45033	26.8888	2.41736e-05	3.30195	0.0455889	8	0.00053769	0.000436643	0.000140269	6.6998e-05	0.0015588	0.000485741	0		identifiable	capability
T2	21	Dimensionally reduced SIR	2	8	box IC 7	2	2	2	True	14.1158	2.46518	27.1845	1.77349e-05	3.44984	0.0459732	8	0.000472848	0.000452421	0.000112952	5.66246e-05	0.00128174	0.000460497	0		identifiable	capability
T2	21	Dimensionally reduced SIR	2	9	box IC 8	2	2	2	True	18.3278	2.44187	26.7116	2.91111e-05	3.21336	0.0452829	8	0.000580841	0.00041435	0.000163385	7.25638e-05	0.00175538	0.000498527	0		identifiable	capability
T2	21	Dimensionally reduced SIR	2	10	box IC 9	2	2	2	True	11.3626	2.4865	27.5799	1.17473e-05	3.6475	0.0462833	8	0.000399311	0.000445472	9.35143e-05	4.25614e-05	0.000992875	0.000422131	0		identifiable	capability
T2	22	Protein expression	4	0	IC-1 (ODEBench held-out IC)	4	4	4	True	1121.59	4.24692	18.0854	8.35091	3.72366	0.177761	8	5.24793	0.433988	5.14431	6.32324	7.68955	6.64856	0		identifiable	capability
T2	22	Protein expression	4	1	box IC 0	4	4	4	True	1397.45	4.24123	15.9091	15.9884	3.05993	0.122818	8	4.41699	0.494894	5.82415	1.17854	7.77398	6.8134	0		identifiable	capability
T2	22	Protein expression	4	2	box IC 1	4	4	4	True	3543.82	4.21981	10.2758	174.384	2.07368	0.234879	8	4.82575	11.9985	8.9056	0.978143	1.28103	0.965492	0		identifiable	capability
T2	22	Protein expression	4	3	box IC 2	4	4	4	True	455.853	4.27331	17.4366	5.21388	3.33462	1.12255	8	0.636728	0.354072	0.361222	0.831805	0.984076	0.652466	0		identifiable	capability
T2	22	Protein expression	4	4	box IC 3	4	4	4	True	442.329	4.27429	17.7926	4.83819	3.44481	1.34048	8	0.652945	0.340235	0.357324	0.890052	1.01271	0.664401	0		identifiable	capability
T2	22	Protein expression	4	5	box IC 4	4	4	4	True	1109.37	4.24721	18.3274	7.87929	3.80891	0.185436	8	5.51014	0.428064	4.93886	6.84893	7.76649	7.56833	0		identifiable	capability
T2	22	Protein expression	4	6	box IC 5	4	4	4	True	1099.36	4.24746	19.0684	6.74004	4.0856	0.211459	8	5.33665	0.409088	4.46593	6.73993	8.19944	6.86884	0		identifiable	capability
T2	22	Protein expression	4	7	box IC 6	4	4	4	True	1553.86	4.23858	15.2062	20.5683	2.88135	0.109287	8	5.02196	0.524081	5.15475	1.18641	11.5052	6.73939	0		identifiable	capability
T2	22	Protein expression	4	8	box IC 7	4	4	4	True	1173.58	4.24573	17.4316	9.92182	3.50532	0.158766	8	5.50085	0.451872	5.04038	6.98366	7.60304	7.42531	0		identifiable	capability
T2	22	Protein expression	4	9	box IC 8	4	4	4	True	2253.02	4.22974	13.1843	46.598	2.44469	0.0791658	8	7.36131	0.775539	5.15627	16.0585	7.95382	6.8624	0		identifiable	capability
T2	22	Protein expression	4	10	box IC 9	4	4	4	True	1102.69	4.24737	19.2027	6.57767	4.13839	0.21662	8	5.11184	0.406725	4.39248	5.73295	8.21897	6.80809	0		identifiable	capability
T2	23	Overdamped pendulum	1	0	IC-1 (ODEBench held-out IC)	1	1	1	True	1	2	7.2168	0.000734148	0.188733	0.0140944	8	0.0156257	0.00688318	0.0066193	0.00540866	0.0381812	0.0210362	0		identifiable	capability
T2	23	Overdamped pendulum	1	1	box IC 0	1	1	1	True	1	2	7.12263	0.000806644	0.141684	0.0234962	8	0.0163767	0.00763739	0.00648203	0.00489698	0.0403751	0.0224922	0		identifiable	capability
T2	23	Overdamped pendulum	1	2	box IC 1	1	1	1	True	1	2	7.1532	0.000782358	0.156957	0.0169539	8	0.0160718	0.00716171	0.00655607	0.00492345	0.0395912	0.0221267	0		identifiable	capability
T2	23	Overdamped pendulum	1	3	box IC 2	1	1	1	True	1	2	7.60146	0.000499723	0.380944	0.0111891	8	0.0127615	0.00568262	0.006094	0.00696113	0.0300465	0.0150234	0		identifiable	capability
T2	23	Overdamped pendulum	1	4	box IC 3	1	1	1	True	1	2	7.66274	0.000470018	0.411571	0.010794	8	0.0123223	0.00560448	0.00590226	0.00714273	0.0288744	0.0140879	0		identifiable	capability
T2	23	Overdamped pendulum	1	5	box IC 4	1	1	1	True	1	2	7.29433	0.00067938	0.227471	0.012721	8	0.0150367	0.00651046	0.00662527	0.0058288	0.0364389	0.0197799	0		identifiable	capability
T2	23	Overdamped pendulum	1	6	box IC 5	1	1	1	True	1	2	7.55631	0.000522801	0.358383	0.0115176	8	0.0130873	0.00584522	0.00616922	0.00691796	0.0309227	0.0155812	0		identifiable	capability
T2	23	Overdamped pendulum	1	7	box IC 6	1	1	1	True	1	2	7.11185	0.000815387	0.136298	0.0289581	8	0.0164678	0.00775522	0.00645723	0.0048421	0.040633	0.0226514	0		identifiable	capability
T2	23	Overdamped pendulum	1	8	box IC 7	1	1	1	True	1	2	7.1813	0.000760678	0.170997	0.0154996	8	0.0159015	0.0071168	0.00658498	0.00521126	0.0389966	0.0215976	0		identifiable	capability
T2	23	Overdamped pendulum	1	9	box IC 8	1	1	1	True	1	2	7.09815	0.000826633	0.129455	0.0578625	8	0.0165834	0.00791007	0.0064232	0.00476934	0.0409604	0.0228539	0		identifiable	capability
T2	23	Overdamped pendulum	1	10	box IC 9	1	1	1	True	1	2	7.62162	0.000489749	0.391021	0.0112383	8	0.012613	0.00572386	0.00599059	0.00709961	0.029646	0.0146048	0		identifiable	capability
T2	24	Harmonic oscillator	1	0	IC-1 (ODEBench held-out IC)	1	1	1	True	1	2	10.8843	1.87496e-05	0.0131068	0.00564512	8	0.00289839	0.00341816	0.000416261	0.00062427	0.0066133	0.00341994	0		identifiable	capability
T2	24	Harmonic oscillator	1	1	box IC 0	1	1	1	True	1	2	11.2462	1.30562e-05	0.194058	0.0064087	8	0.00242313	0.00198975	0.000871784	0.000767088	0.00544144	0.0030456	0		identifiable	capability
T2	24	Harmonic oscillator	1	2	box IC 1	1	1	1	True	1	2	14.5479	4.80737e-07	1.8449	0.00984811	8	0.000162136	6.76409e-06	0.000180308	0.000332353	0.000278668	1.25857e-05	0		identifiable	capability
T2	24	Harmonic oscillator	1	3	box IC 2	1	1	1	True	1	2	13.9274	8.94138e-07	1.53463	0.00953675	8	0.000434505	0.000266024	0.000262107	0.000471279	0.000882997	0.00029012	0		identifiable	capability
T2	24	Harmonic oscillator	1	4	box IC 3	1	1	1	True	1	2	12.3276	4.42795e-06	0.734716	0.00876047	8	0.00124834	0.00102683	0.000548473	0.000999114	0.00263937	0.00102793	0		identifiable	capability
T2	24	Harmonic oscillator	1	5	box IC 4	1	1	1	True	1	2	12.3505	4.32747e-06	0.746194	0.00666423	8	0.00124444	0.00112396	0.000503154	0.00106964	0.00261369	0.000911777	0		identifiable	capability
T2	24	Harmonic oscillator	1	6	box IC 5	1	1	1	True	1	2	12.2055	5.00304e-06	0.673662	0.0070597	8	0.00125932	0.000657373	0.00070867	0.000675164	0.00274339	0.00151201	0		identifiable	capability
T2	24	Harmonic oscillator	1	7	box IC 6	1	1	1	True	1	2	12.6221	3.29824e-06	0.88199	0.0087192	8	0.00096036	0.000473272	0.000576123	0.000636404	0.00205851	0.00105749	0		identifiable	capability
T2	24	Harmonic oscillator	1	8	box IC 7	1	1	1	True	1	2	11.8846	6.89607e-06	0.513211	0.00806655	8	0.00159526	0.00103192	0.00077939	0.000809776	0.00349251	0.00186272	0		identifiable	capability
T2	24	Harmonic oscillator	1	9	box IC 8	1	1	1	True	1	2	13.6198	1.21615e-06	1.38084	0.011154	8	0.000519741	0.000288616	0.000321131	0.000510232	0.00106997	0.000408753	0		identifiable	capability
T2	24	Harmonic oscillator	1	10	box IC 9	1	1	1	True	1	2	12.6952	3.06581e-06	0.918528	0.0107692	8	0.000365541	0.00039365	0.000408892	0.000727095	9.80205e-06	0.000288267	0		identifiable	capability
T2	25	Harmonic oscillator damping	2	0	IC-1 (ODEBench held-out IC)	2	2	2	True	5.91712	2.5643	21.0276	0.000165295	2.0192	0.0573266	8	0.00373822	0.00527106	0.0034298	0.000316988	0.00283054	0.00684269	0		identifiable	capability
T2	25	Harmonic oscillator damping	2	1	box IC 0	2	2	2	True	4.39667	2.6086	24.3637	2.36876e-05	3.68718	0.0659508	8	0.00123926	0.00125693	0.000963103	9.60957e-05	0.00307171	0.000808488	0		identifiable	capability
T2	25	Harmonic oscillator damping	2	2	box IC 1	2	2	2	True	32.6636	2.39776	28.3865	2.2409e-05	5.69858	0.0173167	8	0.0010524	0.00185005	0.00116592	2.72363e-05	0.00214735	7.14443e-05	0		identifiable	capability
T2	25	Harmonic oscillator damping	2	3	box IC 2	2	2	2	True	32.5159	2.39807	27.1179	4.20656e-05	5.0643	0.0200912	8	0.00188013	0.00424726	0.00141529	0.000492463	0.00304354	0.000202117	0		identifiable	capability
T2	25	Harmonic oscillator damping	2	4	box IC 3	2	2	2	True	26.3059	2.41321	23.9834	0.00016321	3.49712	0.0283319	8	0.00373348	0.00997297	0.00182803	0.00167662	0.0038662	0.00132358	0		identifiable	capability
T2	25	Harmonic oscillator damping	2	5	box IC 4	2	2	2	True	14.8466	2.46048	25.2789	4.83443e-05	4.14481	0.0494231	8	0.00165959	0.00465207	0.000788852	0.000702159	0.0010417	0.00111319	0		identifiable	capability
T2	25	Harmonic oscillator damping	2	6	box IC 5	2	2	2	True	5.6559	2.57061	27.1122	7.56027e-06	5.06141	0.0642215	8	0.000734771	0.00109418	0.000612918	4.15911e-05	0.00165315	0.000272008	0		identifiable	capability
T2	25	Harmonic oscillator damping	2	7	box IC 6	2	2	2	True	7.86174	2.52756	27.345	9.21728e-06	5.17782	0.0587927	8	0.000830887	0.00130495	0.000707702	4.80689e-05	0.00184728	0.000246435	0		identifiable	capability
T2	25	Harmonic oscillator damping	2	8	box IC 7	2	2	2	True	6.60926	2.5494	25.8184	1.67338e-05	4.41452	0.0611373	8	0.00113544	0.00150359	0.000951584	5.7237e-05	0.00264997	0.00051481	0		identifiable	capability
T2	25	Harmonic oscillator damping	2	9	box IC 8	2	2	2	True	26.5617	2.4125	26.8817	3.86882e-05	4.94621	0.0188909	8	0.00190784	0.00364462	0.00155458	0.00037002	0.00365254	0.000317467	0		identifiable	capability
T2	25	Harmonic oscillator damping	2	10	box IC 9	2	2	2	True	29.3849	2.40517	24.6354	0.000131559	3.82308	0.0150731	8	0.00227698	0.0036422	0.00232639	0.000565592	0.0035133	0.00133742	0		identifiable	capability
T2	26	Lotka-Volterra competition	3	0	IC-1 (ODEBench held-out IC)	3	3	3	True	60.6937	3.35931	26.7328	0.00717686	1.2091	0.0778185	8	0.0139294	0.0182061	0.0178458	0.00362584	0.0142816	0.0156876	0		identifiable	capability
T2	26	Lotka-Volterra competition	3	1	box IC 0	3	3	3	True	15.4445	3.45688	31.7542	0.000325292	3.71638	0.242366	8	0.0057409	0.0152666	0.00113461	0.00130727	0.00876046	0.00223556	0		identifiable	capability
T2	26	Lotka-Volterra competition	3	2	box IC 1	3	3	3	True	13.1787	3.47173	32.2218	0.00034957	3.95023	0.907845	8	0.00993723	0.0163491	0.00596732	0.00560063	0.0171045	0.00466461	0		identifiable	capability
T2	26	Lotka-Volterra competition	3	3	box IC 2	3	3	3	True	23.5121	3.42171	30.094	0.000920289	2.88661	0.133582	8	0.00981081	0.0168411	0.0020799	0.00617856	0.0155099	0.00844463	0		identifiable	capability
T2	26	Lotka-Volterra competition	3	4	box IC 3	3	3	3	True	24.8886	3.41736	29.574	0.0010952	2.62668	0.131091	8	0.00948679	0.015781	0.00183018	0.00668963	0.0146607	0.00847255	0		identifiable	capability
T2	26	Lotka-Volterra competition	3	5	box IC 4	3	3	3	True	22.1518	3.42636	29.4878	0.00106049	2.58358	0.160232	8	0.0121346	0.0184968	0.00310692	0.00855394	0.0198667	0.0106489	0		identifiable	capability
T2	26	Lotka-Volterra competition	3	6	box IC 5	3	3	3	True	13.0615	3.47259	33.1445	0.000321831	4.41157	0.429172	8	0.01017	0.0175772	0.00528474	0.0054104	0.0175359	0.00504195	0		identifiable	capability
T2	26	Lotka-Volterra competition	3	7	box IC 6	3	3	3	True	13.3017	3.47083	33.1012	0.000314933	4.38989	0.417399	8	0.00942292	0.0185527	0.00380227	0.0037688	0.0161688	0.00482201	0		identifiable	capability
T2	26	Lotka-Volterra competition	3	8	box IC 7	3	3	3	True	13.2474	3.47122	32.7742	0.000245171	4.22635	0.361636	8	0.00588123	0.0158314	0.0006145	0.000688532	0.00938178	0.00288992	0		identifiable	capability
T2	26	Lotka-Volterra competition	3	9	box IC 8	3	3	3	True	82.2545	3.34303	28.0164	0.00749912	1.85106	0.0269132	8	0.0388314	0.0187203	0.0528124	0.0481287	0.0600102	0.0144853	0		identifiable	capability
T2	26	Lotka-Volterra competition	3	10	box IC 9	3	3	3	True	43.901	3.37843	27.628	0.00361088	1.65493	0.0891115	8	0.00778683	0.0147657	0.00478683	0.00632738	0.00930883	0.00374535	0		identifiable	capability
T2	27	Lotka-Volterra simple	4	0	IC-1 (ODEBench held-out IC)	4	4	4	True	18.905	4.43926	36.3256	0.00381631	4.99237	6.0044	8	0.0130615	0.0171723	0.00334114	0.0149929	0.0108632	0.0189377	0		identifiable	capability
T2	27	Lotka-Volterra simple	4	1	box IC 0	4	4	4	True	80.2508	4.3443	32.1626	0.0367798	2.92704	0.529969	8	0.109182	0.00463356	0.0998182	0.130645	0.209326	0.101486	0		identifiable	capability
T2	27	Lotka-Volterra simple	4	2	box IC 1	4	4	4	True	20.4526	4.43276	37.3555	0.00331794	5.50707	6.21134	8	0.0120066	0.0153999	0.00256693	0.0128937	0.0117716	0.0174007	0		identifiable	capability
T2	27	Lotka-Volterra simple	4	3	box IC 2	4	4	4	True	22.4395	4.42535	32.5535	0.00634173	3.10757	0.292446	8	0.0397138	0.0213582	0.032962	0.0422821	0.0358258	0.0661407	0		identifiable	capability
T2	27	Lotka-Volterra simple	4	4	box IC 3	4	4	4	True	27.7917	4.40918	32.5449	0.00821636	3.10421	0.277673	8	0.0424356	0.0101913	0.0380069	0.0526652	0.0446703	0.0666441	0		identifiable	capability
T2	27	Lotka-Volterra simple	4	5	box IC 4	4	4	4	True	25.0486	4.41688	32.3942	0.00761686	3.02858	0.374163	8	0.0413085	0.0193099	0.0364811	0.0443514	0.0365882	0.069812	0		identifiable	capability
T2	27	Lotka-Volterra simple	4	6	box IC 5	4	4	4	True	23.0486	4.42325	42.7823	0.000495856	8.21904	1.98036	8	0.00974071	0.00982882	0.00507276	0.00550714	0.0160366	0.0122583	0		identifiable	capability
T2	27	Lotka-Volterra simple	4	7	box IC 6	4	4	4	True	16.8583	4.44907	40.4743	0.000619158	7.06513	1.4105	8	0.0108593	0.00677363	0.00639646	0.00993024	0.0162282	0.0149678	0		identifiable	capability
T2	27	Lotka-Volterra simple	4	8	box IC 7	4	4	4	True	24.5791	4.41831	35.3974	0.00333095	4.52805	0.76208	8	0.0281825	0.00408814	0.0273728	0.0387842	0.0433852	0.0272821	0		identifiable	capability
T2	27	Lotka-Volterra simple	4	9	box IC 8	4	4	4	True	34.7125	4.39363	32.0821	0.010576	2.87396	0.157682	8	0.0527595	0.0112619	0.0448671	0.0693917	0.0576418	0.0806348	0		identifiable	capability
T2	27	Lotka-Volterra simple	4	10	box IC 9	4	4	4	True	53.3723	4.36666	33.3777	0.0226931	3.52774	1.02379	8	0.0446301	0.037396	0.00322447	0.0928874	0.0304375	0.0592052	0		identifiable	capability
T2	28	Pendulum without friction	1	0	IC-1 (ODEBench held-out IC)	1	1	1	True	1	2	8.09074	0.000306363	0.101772	0.0145844	8	0.00954756	0.0145431	0.00195039	0.00415808	0.0166202	0.010466	0		identifiable	capability
T2	28	Pendulum without friction	1	1	box IC 0	1	1	1	True	1	2	7.96623	0.000346985	0.0395358	0.00951786	8	0.0108887	0.0187054	0.00184189	0.00165	0.0213728	0.0108733	0		identifiable	capability
T2	28	Pendulum without friction	1	2	box IC 1	1	1	1	True	1	2	8.10965	0.000300624	0.111223	0.00198399	8	0.00925061	0.0133799	0.00204609	0.00461929	0.0158591	0.0103487	0		identifiable	capability
T2	28	Pendulum without friction	1	3	box IC 2	1	1	1	True	1	2	7.97203	0.000344979	0.0424346	0.00161267	8	0.0108311	0.0191215	0.00197951	0.00132049	0.021299	0.0104352	0		identifiable	capability
T2	28	Pendulum without friction	1	4	box IC 3	1	1	1	True	1	2	8.46883	0.00020991	0.290769	0.0117039	8	0.00644274	0.00932429	0.00250534	0.00515419	0.00856761	0.00666227	0		identifiable	capability
T2	28	Pendulum without friction	1	5	box IC 4	1	1	1	True	1	2	8.35724	0.000234691	0.234986	0.00729613	8	0.00719423	0.0104483	0.0025308	0.0051059	0.0103612	0.00752491	0		identifiable	capability
T2	28	Pendulum without friction	1	6	box IC 5	1	1	1	True	1	2	8.13835	0.000292118	0.125571	0.00838534	8	0.0090766	0.0156794	0.00282477	0.00299786	0.0156927	0.0081883	0		identifiable	capability
T2	28	Pendulum without friction	1	7	box IC 6	1	1	1	True	1	2	8.24572	0.000262379	0.179241	0.0105486	8	0.00807996	0.0133747	0.00292454	0.003845	0.0128923	0.00736322	0		identifiable	capability
T2	28	Pendulum without friction	1	8	box IC 7	1	1	1	True	1	2	8.13201	0.000293976	0.122402	0.0123243	8	0.00913505	0.0155594	0.00266708	0.00310417	0.0158399	0.00850467	0		identifiable	capability
T2	28	Pendulum without friction	1	9	box IC 8	1	1	1	True	1	2	8.35753	0.000234623	0.235131	0.00665485	8	0.00724493	0.0108887	0.0024728	0.00489787	0.010495	0.00747028	0		identifiable	capability
T2	28	Pendulum without friction	1	10	box IC 9	1	1	1	True	1	2	8.58306	0.000187251	0.347873	0.0141802	8	0.00907873	0.01089	0.00246844	0.00486458	0.0191925	0.00797822	0		identifiable	capability
T2	29	Dipole fixed point	1	0	IC-1 (ODEBench held-out IC)	1	1	1	True	1	2	9.71444	6.04052e-05	0.0197423	0.00482891	8	0.0051278	0.00147272	0.000971293	0.00248368	0.0114013	0.00930997	0		identifiable	capability
T2	29	Dipole fixed point	1	1	box IC 0	1	1	1	True	1	2	9.82763	5.39403e-05	0.0763376	0.0155589	8	0.00428509	0.000843316	0.000629343	0.00119086	0.00974145	0.00902047	0		identifiable	capability
T2	29	Dipole fixed point	1	2	box IC 1	1	1	1	True	1	2	10.7662	2.11016e-05	0.545586	0.0214147	8	0.00265921	0.00451259	0.000628151	0.00221847	0.00412995	0.00180691	0		identifiable	capability
T2	29	Dipole fixed point	1	3	box IC 2	1	1	1	True	1	2	12.7302	2.96048e-06	1.52758	0.0318621	8	0.00172949	0.00123196	0.00179579	0.00147547	0.00279006	0.00135416	0		identifiable	capability
T2	29	Dipole fixed point	1	4	box IC 5	1	1	1	True	1	2	10.4018	3.03783e-05	0.363401	0.0217499	8	0.00299041	0.00340208	9.49916e-05	0.000619314	0.00487894	0.00595672	0		identifiable	capability
T2	29	Dipole fixed point	1	5	box IC 6	1	1	1	True	1	2	10.5069	2.73468e-05	0.415964	0.0212452	8	0.00283629	0.00347596	0.000127461	0.000731657	0.00434256	0.00550381	0		identifiable	capability
T2	29	Dipole fixed point	1	6	box IC 7	1	1	1	True	1	2	10.0985	4.11426e-05	0.211749	0.0185456	8	0.00356425	0.00232706	0.000375597	0.000297647	0.00732355	0.0074974	0		identifiable	capability
T2	29	Dipole fixed point	1	7	box IC 8	1	1	1	True	1	2	10.2562	3.51391e-05	0.290611	0.0120597	8	0.0037089	0.000464544	0.00161739	0.00179254	0.00801951	0.00665049	0		identifiable	capability
T2	29	Dipole fixed point	1	8	box IC 9	1	1	1	True	1	2	9.87368	5.15129e-05	0.0993591	0.0110108	8	0.00357746	0.00224758	0.000273247	0.00104256	0.00760241	0.0067215	0		identifiable	capability
T2	30	Catalyzing RNA molecules	1	0	IC-1 (ODEBench held-out IC)	1	1	1	True	1	2	3.87401	0.020775	0.18462	0.0216182	8	0.0943866	0.048367	0.0376053	0.0386235	0.236634	0.110703	0		identifiable	capability
T2	30	Catalyzing RNA molecules	1	1	box IC 0	1	1	1	True	1	2	12.4659	3.8561e-06	4.47027	0.29042	8	0.000529707	0.00119372	0.000215989	7.80119e-05	0.000496252	0.00066456	0		identifiable	capability
T2	30	Catalyzing RNA molecules	1	2	box IC 1	1	1	1	True	1	2	3.50443	0.0300639	0.00436156	0.00356822	8	0.113715	0.0817813	0.0310669	0.0239552	0.291706	0.140067	0		identifiable	capability
T2	30	Catalyzing RNA molecules	1	3	box IC 2	1	1	1	True	1	2	13.1988	1.85273e-06	4.83676	0.422667	8	0.000546051	0.00139821	0.000177847	0.000510807	0.000197295	0.000446094	0		identifiable	capability
T2	30	Catalyzing RNA molecules	1	4	box IC 3	1	1	1	True	1	2	12.8679	2.57963e-06	4.67127	0.407387	8	0.000465126	0.00132376	1.30262e-05	0.000339771	0.000104564	0.00054451	0		identifiable	capability
T2	30	Catalyzing RNA molecules	1	5	box IC 4	1	1	1	True	1	2	12.8599	2.60028e-06	4.66728	0.44149	8	0.000462941	0.00131961	1.19113e-05	0.000333022	0.000107023	0.000543131	0		identifiable	capability
T2	30	Catalyzing RNA molecules	1	6	box IC 5	1	1	1	True	1	2	9.2139	9.96449e-05	2.84434	0.0379131	8	0.00303081	0.000415749	0.00241016	0.00375178	0.00628883	0.00228752	0		identifiable	capability
T2	30	Catalyzing RNA molecules	1	7	box IC 6	1	1	1	True	1	2	11.6445	8.76734e-06	4.05958	0.129443	8	0.000879396	0.00072399	0.000681753	0.000698791	0.00145431	0.000838139	0		identifiable	capability
T2	30	Catalyzing RNA molecules	1	8	box IC 7	1	1	1	True	1	2	12.4636	3.8649e-06	4.46913	0.252748	8	0.000522983	0.00111124	0.000262961	1.20119e-05	0.000563808	0.000664892	0		identifiable	capability
T2	30	Catalyzing RNA molecules	1	9	box IC 8	1	1	1	True	1	2	13.1405	1.96406e-06	4.80759	0.368297	8	0.000492191	0.00134449	0.000112292	0.000450667	7.63181e-05	0.000477191	0		identifiable	capability
T2	30	Catalyzing RNA molecules	1	10	box IC 9	1	1	1	True	1	2	11.4972	1.01588e-05	3.98592	0.305827	8	0.000909374	0.00115707	0.000612432	0.000472269	0.00134041	0.000964689	0		identifiable	capability
T2	31	SIR infection	2	0	IC-1 (ODEBench held-out IC)	2	2	2	True	36.7085	2.3899	17.2821	0.0064913	1.56666	0.0322365	8	0.0512517	0.121467	0.0485853	0.0415132	0.030963	0.0137303	0		identifiable	capability
T2	31	SIR infection	2	1	box IC 0	2	2	2	True	47.6992	2.37334	17.4015	0.00794349	1.6271	0.0283891	8	0.0629248	0.141893	0.0512679	0.0461168	0.0549389	0.0204072	0		identifiable	capability
T2	31	SIR infection	2	2	box IC 1	2	2	2	True	74.6487	2.34807	14.0962	0.0648843	0.00194278	0.00350319	8	0.194044	0.480181	0.0600149	0.119089	0.220491	0.0904468	0		identifiable	capability
T2	31	SIR infection	2	3	box IC 2	2	2	2	True	35.9785	2.39123	17.2588	0.00643693	1.55499	0.0322981	8	0.0512214	0.123531	0.0467432	0.0413524	0.0292997	0.0151808	0		identifiable	capability
T2	31	SIR infection	2	4	box IC 3	2	2	2	True	38.4334	2.38689	16.767	0.00879232	1.31024	0.0302345	8	0.0649926	0.160079	0.061271	0.0550627	0.0402189	0.00833157	0		identifiable	capability
T2	31	SIR infection	2	5	box IC 4	2	2	2	True	37.9686	2.38768	16.4221	0.0103206	1.13859	0.0300331	8	0.0717733	0.191461	0.0635821	0.0622674	0.0353758	0.00618002	0		identifiable	capability
T2	31	SIR infection	2	6	box IC 5	2	2	2	True	133.786	2.31986	19.6747	0.00714697	2.76332	0.0363693	8	0.0217833	0.0592511	0.00465617	0.0206002	0.00181839	0.0225904	0		identifiable	capability
T2	31	SIR infection	2	7	box IC 6	2	2	2	True	81.6396	2.34342	19.159	0.00564484	2.50468	0.0342189	8	0.0267373	0.0797646	0.000576658	0.00977785	0.0189827	0.0245845	0		identifiable	capability
T2	31	SIR infection	2	8	box IC 7	2	2	2	True	53.4894	2.36653	17.9618	0.00673075	1.90664	0.0298128	8	0.0555029	0.119793	0.0416479	0.036948	0.0532757	0.0258503	0		identifiable	capability
T2	31	SIR infection	2	9	box IC 8	2	2	2	True	40.7737	2.38309	17.6913	0.00587513	1.77098	0.0328576	8	0.0470747	0.100643	0.0493418	0.0363161	0.0364391	0.012634	0		identifiable	capability
T2	31	SIR infection	2	10	box IC 9	2	2	2	True	51.6304	2.36861	15.55	0.0216983	0.708127	0.0241226	8	0.101289	0.342841	0.0605825	0.0682198	0.0273827	0.0074212	0		identifiable	capability
T2	32	Damped double well oscillator	1	0	IC-1 (ODEBench held-out IC)	1	1	1	True	1	2	8.51367	0.000200706	2.92343	0.101304	8	0.00719134	0.0115719	0.00567945	0.00647195	0.00372223	0.00851114	0		identifiable	capability
T2	32	Damped double well oscillator	1	1	box IC 0	1	1	1	True	1	2	5.5325	0.00395609	1.43472	0.0882806	8	0.0260353	0.0270706	0.0229377	0.0391107	0.0320347	0.00902302	0		identifiable	capability
T2	32	Damped double well oscillator	1	2	box IC 1	1	1	1	True	1	2	8.12878	0.000294929	2.73103	0.0842864	8	0.00681671	0.00878933	0.00505132	0.00593249	0.00142729	0.0128831	0		identifiable	capability
T2	32	Damped double well oscillator	1	3	box IC 2	1	1	1	True	1	2	7.71368	0.000446676	2.52356	0.104886	8	0.00716019	0.00135709	0.00695749	0.0114965	0.0131252	0.00286469	0		identifiable	capability
T2	32	Damped double well oscillator	1	4	box IC 3	1	1	1	True	1	2	3.48038	0.0307958	0.421851	0.0152847	8	0.084247	0.207898	0.00488118	0.0364212	0.122213	0.049822	0		identifiable	capability
T2	32	Damped double well oscillator	1	5	box IC 4	1	1	1	True	1	2	5.26496	0.0051696	1.30155	0.0452254	8	0.027312	0.0363336	0.0159661	0.0107399	0.0490003	0.0245198	0		identifiable	capability
T2	32	Damped double well oscillator	1	6	box IC 5	1	1	1	True	1	2	7.87104	0.000381638	2.60221	0.112849	8	0.00679225	0.0019237	0.00722509	0.00721796	0.0109083	0.00668619	0		identifiable	capability
T2	32	Damped double well oscillator	1	7	box IC 6	1	1	1	True	1	2	7.74325	0.00043366	2.53834	0.0894181	8	0.00787378	0.00658617	0.00806435	0.00363394	0.00872488	0.0123596	0		identifiable	capability
T2	32	Damped double well oscillator	1	8	box IC 7	1	1	1	True	1	2	7.25142	0.000709165	2.29256	0.136267	8	0.00880252	0.00192681	0.00810447	0.0152097	0.0157778	0.00299382	0		identifiable	capability
T2	32	Damped double well oscillator	1	9	box IC 8	1	1	1	True	1	2	7.74576	0.000432571	2.53959	0.0880028	8	0.00750771	0.00346896	0.00802883	0.0056121	0.0103005	0.0101282	0		identifiable	capability
T2	32	Damped double well oscillator	1	10	box IC 9	1	1	1	True	1	2	5.62775	0.00359665	1.48217	0.0558976	8	0.025387	0.0448135	0.00768113	0.0273496	0.0456435	0.00144701	0		identifiable	capability
T2	33	Glider	1	0	IC-1 (ODEBench held-out IC)	1	1	1	True	1	2	10.784	2.07282e-05	1.05521	0.0169231	8	0.0018463	0.00233164	0.000916989	5.23779e-05	0.0032752	0.00265529	0		identifiable	capability
T2	33	Glider	1	1	box IC 0	1	1	1	True	1	2	10.2732	3.45483e-05	0.799783	0.015326	8	0.00261601	0.002126	0.00140685	0.000649833	0.00537851	0.00351885	0		identifiable	capability
T2	33	Glider	1	2	box IC 1	1	1	1	True	1	2	8.67697	0.000170467	0.00176037	0.00255605	8	0.0075628	0.00271304	0.00365439	0.00273136	0.0193394	0.00937586	0		identifiable	capability
T2	33	Glider	1	3	box IC 2	1	1	1	True	1	2	10.7112	2.22947e-05	1.01878	0.0161915	8	0.0019147	0.00252669	0.000923149	4.27975e-05	0.0034268	0.00265405	0		identifiable	capability
T2	33	Glider	1	4	box IC 3	1	1	1	True	1	2	10.0602	4.27493e-05	0.69329	0.0137925	8	0.00307856	0.00249901	0.00170775	0.000584198	0.00630663	0.00429522	0		identifiable	capability
T2	33	Glider	1	5	box IC 4	1	1	1	True	1	2	9.8259	5.40339e-05	0.576166	0.0126226	8	0.0036279	0.00246478	0.00205706	0.000833376	0.00775524	0.00502906	0		identifiable	capability
T2	33	Glider	1	6	box IC 5	1	1	1	True	1	2	10.8553	1.93016e-05	1.09086	0.0175289	8	0.00172955	0.00208427	0.000838377	0.000167077	0.00316183	0.00239619	0		identifiable	capability
T2	33	Glider	1	7	box IC 6	1	1	1	True	1	2	10.9575	1.74271e-05	1.14194	0.017858	8	0.00161559	0.00210943	0.000765744	6.51569e-05	0.00284963	0.00228797	0		identifiable	capability
T2	33	Glider	1	8	box IC 7	1	1	1	True	1	2	10.5855	2.52803e-05	0.955946	0.0164885	8	0.00210193	0.00214818	0.00108209	0.000347287	0.00404948	0.00288262	0		identifiable	capability
T2	33	Glider	1	9	box IC 8	1	1	1	True	1	2	10.8352	1.96938e-05	1.0808	0.0166803	8	0.00182814	0.00256965	0.000855148	0.000119308	0.00300355	0.00259303	0		identifiable	capability
T2	33	Glider	1	10	box IC 9	1	1	1	True	1	2	8.95757	0.000128758	0.142041	0.00875503	8	0.00625205	0.000407721	0.00355049	0.00239594	0.0162817	0.00862438	0		identifiable	capability
T2	34	Frictionless bead	1	0	IC-1 (ODEBench held-out IC)	1	1	1	True	1	2	8.28125	0.00025322	0.351452	0.0181663	8	0.00660738	0.00957467	0.00299787	0.00569172	0.00824151	0.00653111	0		identifiable	capability
T2	34	Frictionless bead	1	1	box IC 0	1	1	1	True	1	2	7.70204	0.000451902	0.0619473	0.013837	8	0.0144528	0.0186351	0.00239572	0.00237381	0.0322156	0.016644	0		identifiable	capability
T2	34	Frictionless bead	1	2	box IC 1	1	1	1	True	1	2	7.84285	0.000392551	0.132318	0.00235301	8	0.014256	0.0192997	0.00246203	0.0054817	0.0307801	0.0132566	0		identifiable	capability
T2	34	Frictionless bead	1	3	box IC 2	1	1	1	True	1	2	7.70428	0.000450895	0.0630621	0.00217642	8	0.01428	0.0179124	0.0025692	0.00182414	0.0319049	0.0171895	0		identifiable	capability
T2	34	Frictionless bead	1	4	box IC 3	1	1	1	True	1	2	8.21873	0.000269557	0.3202	0.0130027	8	0.0111463	0.013145	0.00294762	0.00582052	0.0239384	0.00987999	0		identifiable	capability
T2	34	Frictionless bead	1	5	box IC 4	1	1	1	True	1	2	8.12465	0.000296148	0.273173	0.00854131	8	0.0119415	0.0145534	0.00295261	0.00591874	0.0256329	0.0106499	0		identifiable	capability
T2	34	Frictionless bead	1	6	box IC 5	1	1	1	True	1	2	7.89457	0.000372762	0.158171	0.0104385	8	0.013261	0.0153053	0.00340331	0.0035617	0.0290703	0.0149646	0		identifiable	capability
T2	34	Frictionless bead	1	7	box IC 6	1	1	1	True	1	2	8.01632	0.000330032	0.219025	0.012908	8	0.0125271	0.0143849	0.00344372	0.00450174	0.0271506	0.0131544	0		identifiable	capability
T2	34	Frictionless bead	1	8	box IC 7	1	1	1	True	1	2	7.91321	0.000365879	0.167486	0.0165295	8	0.0131451	0.0154527	0.00322641	0.00394224	0.0288237	0.0142804	0		identifiable	capability
T2	34	Frictionless bead	1	9	box IC 8	1	1	1	True	1	2	8.15014	0.000288696	0.285912	0.00848572	8	0.0115794	0.0137936	0.00289435	0.00568498	0.0250284	0.0104958	0		identifiable	capability
T2	34	Frictionless bead	1	10	box IC 9	1	1	1	True	1	2	8.32664	0.000241983	0.374142	0.0158403	8	0.00630283	0.0090616	0.0029834	0.0057066	0.00755876	0.0062038	0		identifiable	capability
T2	35	Rotational dynamics	1	0	IC-1 (ODEBench held-out IC)	1	1	1	True	1	2	10.4317	2.94823e-05	1.62267	0.0210504	8	0.00191272	0.00183711	0.00127505	0.00126331	0.00278632	0.00240181	0		identifiable	capability
T2	35	Rotational dynamics	1	1	box IC 0	1	1	1	True	1	2	10.8332	1.9734e-05	1.82339	0.128903	8	0.00181327	0.000913618	0.00171548	0.00241252	0.00304155	0.000983171	0		identifiable	capability
T2	35	Rotational dynamics	1	2	box IC 1	1	1	1	True	1	2	7.82708	0.000398787	0.320533	0.00273817	8	0.00908444	0.0251178	0.00371387	0.00449445	0.00185081	0.0102452	0		identifiable	capability
T2	35	Rotational dynamics	1	3	box IC 2	1	1	1	True	1	2	9.63385	6.54744e-05	1.22375	0.0115305	8	0.00284099	0.00186349	0.00295675	0.00318291	0.00186454	0.00433728	0		identifiable	capability
T2	35	Rotational dynamics	1	4	box IC 3	1	1	1	True	1	2	10.4802	2.80873e-05	1.6469	0.134114	8	0.00212776	0.00116327	0.002041	0.00312227	0.00374968	0.000562594	0		identifiable	capability
T2	35	Rotational dynamics	1	5	box IC 4	1	1	1	True	1	2	8.42681	0.00021892	0.620304	0.0294787	8	0.00592573	0.0171117	0.000538149	0.00175283	0.00502246	0.00520345	0		identifiable	capability
T2	35	Rotational dynamics	1	6	box IC 5	1	1	1	True	1	2	7.19315	0.000751715	0.00374449	0.000662461	8	0.0213744	0.0437638	0.0121275	0.0212445	0.0115697	0.0181663	0		identifiable	capability
T2	35	Rotational dynamics	1	7	box IC 6	1	1	1	True	1	2	9.03783	0.000118829	0.925764	0.0150422	8	0.00355111	0.00837475	0.000313491	0.00224041	0.00408685	0.00274004	0		identifiable	capability
T2	35	Rotational dynamics	1	8	box IC 7	1	1	1	True	1	2	13.8449	9.71085e-07	3.32922	0.267849	8	0.000488003	0.000634708	0.000849112	0.000225895	0.000563946	0.000166353	0		identifiable	capability
T2	35	Rotational dynamics	1	9	box IC 8	1	1	1	True	1	2	9.54227	7.17539e-05	1.17796	0.0193772	8	0.00269447	0.00542249	0.000143853	0.00260844	0.00371995	0.00157762	0		identifiable	capability
T2	35	Rotational dynamics	1	10	box IC 9	1	1	1	True	1	2	11.2	1.36737e-05	2.00682	0.0734055	8	0.00114988	0.0014763	1.77832e-05	0.00219433	0.00189799	0.000162991	0		identifiable	capability
T2	36	Pendulum non-linear damping	1	0	IC-1 (ODEBench held-out IC)	1	1	1	True	1	2	2.9447	0.0526181	0.253891	0.00716423	8	0.0913751	0.0667622	0.0165999	0.0605151	0.172874	0.140125	0		identifiable	capability
T2	36	Pendulum non-linear damping	1	1	box IC 0	1	1	1	True	1	2	4.6137	0.00991503	1.06769	0.0571189	8	0.0192048	0.0116093	0.0227557	0.0402998	0.0108399	0.0105192	0		identifiable	capability
T2	36	Pendulum non-linear damping	1	2	box IC 1	1	1	1	True	1	2	5.74276	0.00320591	1.62888	0.00954075	8	0.0232349	0.00212932	0.0189904	0.0214219	0.0495649	0.024068	0		identifiable	capability
T2	36	Pendulum non-linear damping	1	3	box IC 2	1	1	1	True	1	2	5.60517	0.00367879	1.56032	0.0124322	8	0.0129182	8.81962e-07	0.0148821	0.0283685	0.0199671	0.00137264	0		identifiable	capability
T2	36	Pendulum non-linear damping	1	4	box IC 3	1	1	1	True	1	2	3.58271	0.0278003	0.560968	0.00981856	8	0.101891	0.0370888	0.0534226	0.0590931	0.241684	0.118165	0		identifiable	capability
T2	36	Pendulum non-linear damping	1	5	box IC 4	1	1	1	True	1	2	4.81405	0.00811492	1.16697	0.016909	8	0.0405098	0.00321289	0.0296428	0.0308458	0.0916952	0.0471524	0		identifiable	capability
T2	36	Pendulum non-linear damping	1	6	box IC 5	1	1	1	True	1	2	4.56256	0.0104353	1.04237	0.0241784	8	0.0270489	0.0148305	0.0200303	0.058694	0.0161801	0.0255098	0		identifiable	capability
T2	36	Pendulum non-linear damping	1	7	box IC 6	1	1	1	True	1	2	3.36306	0.0346293	0.454452	0.00933537	8	0.0755894	0.0492842	0.0044199	0.113228	0.0701725	0.140843	0		identifiable	capability
T2	36	Pendulum non-linear damping	1	8	box IC 7	1	1	1	True	1	2	4.64747	0.0095858	1.08441	0.0342008	8	0.0195783	0.0027752	0.0214776	0.045473	0.0138254	0.0143402	0		identifiable	capability
T2	36	Pendulum non-linear damping	1	9	box IC 8	1	1	1	True	1	2	2.42295	0.0886594	0.00985256	0.000522878	8	0.197012	0.157215	0.0208562	0.026354	0.522625	0.258008	0		identifiable	capability
T2	36	Pendulum non-linear damping	1	10	box IC 9	1	1	1	True	1	2	2.42124	0.0888113	0.00906657	0.000850557	8	0.19638	0.152206	0.0229919	0.0218608	0.520041	0.264802	0		identifiable	capability
T2	37	Van der Pol oscillator	1	0	IC-1 (ODEBench held-out IC)	1	1	1	True	1	2	6.89116	0.00101674	0.222484	0.00969908	8	0.015413	0.0125085	4.62282e-05	0.0158413	0.0237907	0.0248781	0		identifiable	capability
T2	37	Van der Pol oscillator	1	1	box IC 0	1	1	1	True	1	2	7.62797	0.000486649	0.590624	0.0350236	8	0.0071271	0.0117485	0.00634066	0.00901492	0.00446539	0.00406604	0		identifiable	capability
T2	37	Van der Pol oscillator	1	2	box IC 1	1	1	1	True	1	2	9.26281	9.4888e-05	1.40785	0.025703	8	0.00336309	0.0020346	0.00238908	0.000328848	0.00674993	0.00531299	0		identifiable	capability
T2	37	Van der Pol oscillator	1	3	box IC 2	1	1	1	True	1	2	9.13953	0.000107338	1.34622	0.0297193	8	0.00294431	0.00505938	0.0034907	0.00286561	0.00182461	0.00148123	0		identifiable	capability
T2	37	Van der Pol oscillator	1	4	box IC 3	1	1	1	True	1	2	6.78867	0.00112646	0.171298	0.00887539	8	0.0174415	0.0238701	0.00499098	0.0136049	0.0251034	0.0196382	0		identifiable	capability
T2	37	Van der Pol oscillator	1	5	box IC 4	1	1	1	True	1	2	8.17249	0.000282315	0.862782	0.0220277	8	0.00424274	0.00125793	0.0040614	0.0104866	0.00136539	0.0040424	0		identifiable	capability
T2	37	Van der Pol oscillator	1	6	box IC 5	1	1	1	True	1	2	7.33534	0.000652082	0.444393	0.0167711	8	0.0116104	0.00939659	0.00313959	0.00217032	0.0292278	0.0141178	0		identifiable	capability
T2	37	Van der Pol oscillator	1	7	box IC 6	1	1	1	True	1	2	8.43748	0.000216594	0.995248	0.0405379	8	0.00604654	0.00150127	0.00397635	0.002463	0.0137594	0.00853263	0		identifiable	capability
T2	37	Van der Pol oscillator	1	8	box IC 7	1	1	1	True	1	2	7.00751	0.000905063	0.280603	0.0164151	8	0.0130166	0.0180511	0.0074965	0.0122462	0.0162054	0.0110837	0		identifiable	capability
T2	37	Van der Pol oscillator	1	9	box IC 8	1	1	1	True	1	2	6.66217	0.00127837	0.10812	0.00532902	8	0.0258119	0.0445522	0.0015518	0.00978902	0.0530448	0.0201214	0		identifiable	capability
T2	37	Van der Pol oscillator	1	10	box IC 9	1	1	1	True	1	2	6.47798	0.00153691	0.0161556	0.00300461	8	0.0256326	0.0437653	0.000665288	0.000675669	0.0550045	0.0280522	0		identifiable	capability
T2	38	Van der Pol oscillator simplified	1	0	IC-1 (ODEBench held-out IC)	1	1	1	True	1	2	9.8066	5.5087e-05	0.144968	0.00504863	8	0.00506098	0.00140002	0.00684982	0.00699067	0.00975631	0.000308059	0		identifiable	capability
T2	38	Van der Pol oscillator simplified	1	1	box IC 0	1	1	1	True	1	2	11.8165	7.38149e-06	1.14991	0.0240951	8	0.00308869	0.00393624	0.0031099	0.00377101	0.00417957	0.000446741	0		identifiable	capability
T2	38	Van der Pol oscillator simplified	1	2	box IC 1	1	1	1	True	1	2	9.54773	7.13629e-05	0.0155434	0.00100226	8	0.00446639	0.00666265	0.00414843	0.00309192	0.00744619	0.000982738	0		identifiable	capability
T2	38	Van der Pol oscillator simplified	1	3	box IC 2	1	1	1	True	1	2	9.62717	6.59136e-05	0.0552576	0.00204758	8	0.003435	0.0101924	0.00228438	0.00133133	0.00264455	0.000722355	0		identifiable	capability
T2	38	Van der Pol oscillator simplified	1	4	box IC 3	1	1	1	True	1	2	10.1751	3.81064e-05	0.329224	0.00695792	8	0.00413075	0.0124584	0.00240176	0.00391821	0.00122499	0.000650343	0		identifiable	capability
T2	38	Van der Pol oscillator simplified	1	5	box IC 4	1	1	1	True	1	2	10.4584	2.87068e-05	0.470844	0.00776129	8	0.00435269	0.0116641	0.00222346	0.00393425	0.00325264	0.000688993	0		identifiable	capability
T2	38	Van der Pol oscillator simplified	1	6	box IC 5	1	1	1	True	1	2	12.1477	5.3004e-06	1.31551	0.0226865	8	0.00254468	0.00238513	0.00342008	0.00339118	0.00226249	0.00126453	0		identifiable	capability
T2	38	Van der Pol oscillator simplified	1	7	box IC 6	1	1	1	True	1	2	12.3158	4.48025e-06	1.39956	0.0254048	8	0.00254083	0.00234872	0.00327192	0.00321686	0.0026654	0.00120126	0		identifiable	capability
T2	38	Van der Pol oscillator simplified	1	8	box IC 7	1	1	1	True	1	2	12.1099	5.5049e-06	1.29658	0.0257016	8	0.00283949	0.00326463	0.00312566	0.00343842	0.00364094	0.000727781	0		identifiable	capability
T2	38	Van der Pol oscillator simplified	1	9	box IC 8	1	1	1	True	1	2	9.59468	6.80898e-05	0.0390172	0.00241117	8	0.0056272	0.00472905	0.00583512	0.00558355	0.0103978	0.00159051	0		identifiable	capability
T2	38	Van der Pol oscillator simplified	1	10	box IC 9	1	1	1	True	1	2	9.75339	5.80974e-05	0.118366	0.00439993	8	0.00487379	0.000574649	0.00673858	0.00669665	0.00986146	0.000497627	0		identifiable	capability
T2	39	Glycolytic oscillator	2	0	IC-1 (ODEBench held-out IC)	2	2	2	True	17.5045	2.4458	20.6745	0.00056905	2.4352	0.0682597	8	0.00777902	0.0104948	0.00609626	0.00368667	0.00514575	0.0134717	0		identifiable	capability
T2	39	Glycolytic oscillator	2	1	box IC 0	2	2	2	True	87.3252	2.34	21.7681	0.00163801	2.98251	0.0382647	8	0.00937964	0.0173414	0.00455383	0.00121015	0.00959528	0.0141975	0		identifiable	capability
T2	39	Glycolytic oscillator	2	2	box IC 1	2	2	2	True	19.9203	2.43492	21.148	0.000510687	2.67192	0.065105	8	0.00771947	0.00868921	0.0064015	0.00227489	0.00709255	0.0141392	0		identifiable	capability
T2	39	Glycolytic oscillator	2	3	box IC 2	2	2	2	True	105.795	2.33064	22.5633	0.00133336	3.37996	0.028145	8	0.009587	0.0153039	0.00627182	0.000303656	0.0130318	0.0130238	0		identifiable	capability
T2	39	Glycolytic oscillator	2	4	box IC 3	2	2	2	True	96.7251	2.33495	22.2319	0.00143876	3.21432	0.0313923	8	0.00879845	0.0112176	0.00340685	0.00355708	0.012267	0.0135437	0		identifiable	capability
T2	39	Glycolytic oscillator	2	5	box IC 4	2	2	2	True	99.6623	2.3335	22.378	0.001378	3.28735	0.0294363	8	0.0084193	0.0092977	0.00316234	0.004016	0.0127055	0.0129149	0		identifiable	capability
T2	39	Glycolytic oscillator	2	6	box IC 5	2	2	2	True	83.4911	2.34227	22.138	0.00130168	3.16728	0.0413597	8	0.00923029	0.0218032	0.00463176	0.00138118	0.00477028	0.013565	0		identifiable	capability
T2	39	Glycolytic oscillator	2	7	box IC 6	2	2	2	True	87.9595	2.33964	22.1329	0.00137481	3.16478	0.040491	8	0.00964043	0.021623	0.00506686	0.00128554	0.00634117	0.0138856	0		identifiable	capability
T2	39	Glycolytic oscillator	2	8	box IC 7	2	2	2	True	88.3192	2.33944	21.9151	0.00153924	3.05597	0.0393847	8	0.00953101	0.0198115	0.00504737	0.000190948	0.00846581	0.0141395	0		identifiable	capability
T2	39	Glycolytic oscillator	2	9	box IC 8	2	2	2	True	99.8538	2.3334	22.3268	0.00141648	3.26175	0.0318954	8	0.00975114	0.0164173	0.00587943	0.000271501	0.0125631	0.0136244	0		identifiable	capability
T2	39	Glycolytic oscillator	2	10	box IC 9	2	2	2	True	74.0854	2.34846	20.9329	0.00211	2.56517	0.0339979	8	0.00769672	0.0033514	0.00043731	0.0122322	0.0082663	0.0141964	0		identifiable	capability
T2	40	Duffing equation	1	0	IC-1 (ODEBench held-out IC)	1	1	1	True	1	2	7.79917	0.000410075	0.370376	0.0212477	8	0.009048	0.017793	0.00574146	0.00912925	0.00720377	0.00537251	0		identifiable	capability
T2	40	Duffing equation	1	1	box IC 0	1	1	1	True	1	2	11.2168	1.34463e-05	2.079	0.0466421	8	0.00150924	0.000767907	0.00118836	0.00139905	0.00281245	0.00137842	0		identifiable	capability
T2	40	Duffing equation	1	2	box IC 1	1	1	1	True	1	2	11.4948	1.01831e-05	2.21798	0.0215492	8	0.00102572	0.00185314	0.000962673	0.000377663	0.000923922	0.00101121	0		identifiable	capability
T2	40	Duffing equation	1	3	box IC 2	1	1	1	True	1	2	11.1937	1.37603e-05	2.06746	0.0220072	8	0.00133823	0.000181264	0.00125421	0.00114932	0.00269312	0.00141323	0		identifiable	capability
T2	40	Duffing equation	1	4	box IC 3	1	1	1	True	1	2	8.00231	0.000334687	0.471909	0.00553394	8	0.0111559	0.0291009	0.00638271	0.00430762	0.0127961	0.00319202	0		identifiable	capability
T2	40	Duffing equation	1	5	box IC 4	1	1	1	True	1	2	10.0221	4.4408e-05	1.48165	0.0138543	8	0.00405679	0.00735605	0.000930895	0.00517901	0.00655321	0.000264763	0		identifiable	capability
T2	40	Duffing equation	1	6	box IC 5	1	1	1	True	1	2	10.0099	4.49537e-05	1.47555	0.0157487	8	0.00281236	5.23532e-05	0.00340944	0.000287984	0.00435611	0.00595589	0		identifiable	capability
T2	40	Duffing equation	1	7	box IC 6	1	1	1	True	1	2	9.48035	7.63375e-05	1.2108	0.0132186	8	0.00544421	0.00590735	0.00324899	0.0032775	0.00822573	0.00656149	0		identifiable	capability
T2	40	Duffing equation	1	8	box IC 7	1	1	1	True	1	2	11.035	1.61275e-05	1.98809	0.0347922	8	0.00171878	0.000712743	0.00146583	0.00132822	0.00306308	0.00202403	0		identifiable	capability
T2	40	Duffing equation	1	9	box IC 8	1	1	1	True	1	2	7.25937	0.000703553	0.100621	0.001985	8	0.0158221	0.0263656	0.0045078	0.0119705	0.0209785	0.0152881	0		identifiable	capability
T2	40	Duffing equation	1	10	box IC 9	1	1	1	True	1	2	7.18744	0.000756026	0.0646809	0.0022259	8	0.017692	0.0348695	0.000602522	0.000133516	0.0367974	0.0160568	0		identifiable	capability
T2	41	Cell cycle model	3	0	IC-1 (ODEBench held-out IC)	3	3	3	True	6.20577	3.55779	21.601	0.00638056	2.63094	1.79568	8	0.0317107	0.0418175	0.0287322	0.0139449	0.045857	0.0282018	0		identifiable	capability
T2	41	Cell cycle model	3	1	box IC 0	3	3	3	True	661.094	3.26176	16.3546	20.6023	1.54103	0.0210068	8	128.587	44.8005	168.932	0.922439	401.986	26.2923	0		identifiable	capability
T2	41	Cell cycle model	3	2	box IC 1	3	3	3	True	152.018	3.31428	15.0574	3.64833	0.124485	0.0206944	8	0.252273	0.105173	0.376444	0.291302	0.269192	0.219255	0		identifiable	capability
T2	41	Cell cycle model	3	3	box IC 2	3	3	3	True	1195.23	3.24525	14.7111	56.9801	1.213	0.00777755	8	148.482	152.331	44.6775	0.851618	241.179	303.373	0		identifiable	capability
T2	41	Cell cycle model	3	4	box IC 3	3	3	3	True	1114.3	3.2471	14.8402	50.6514	1.21972	0.00961357	8	202.904	146.868	20.7542	0.852224	536.613	309.435	0		identifiable	capability
T2	41	Cell cycle model	3	5	box IC 4	3	3	3	True	1128.17	3.24677	14.8458	50.1987	1.21816	0.00770433	8	243.821	319.944	40.1888	0.975963	545.163	312.83	0		identifiable	capability
T2	41	Cell cycle model	3	6	box IC 5	3	3	3	True	224.011	3.29848	17.7386	1.64555	1.18316	0.016391	8	3.86846	0.0175678	16.858	0.284882	1.09693	1.08493	0		identifiable	capability
T2	41	Cell cycle model	3	7	box IC 6	3	3	3	True	304.447	3.28707	17.1783	3.06585	1.11786	0.0155458	8	9.52143	0.233509	10.0086	0.388824	23.9538	13.0223	0		identifiable	capability
T2	41	Cell cycle model	3	8	box IC 7	3	3	3	True	566.268	3.26645	16.3562	15.5467	1.40853	0.0193609	8	121.145	1.94406	355.981	0.782226	181.106	65.9133	0		identifiable	capability
T2	41	Cell cycle model	3	9	box IC 8	3	3	3	True	892.161	3.25314	15.417	33.7449	1.30986	0.0120682	8	120.606	21.0294	42.0005	0.728389	206.216	333.053	0		identifiable	capability
T2	41	Cell cycle model	3	10	box IC 9	3	3	3	True	779.125	3.25696	15.8968	27.0202	1.44224	0.0168597	8	154.071	175.264	0.493353	0.110168	215.042	379.446	0		identifiable	capability
T2	42	CDIMA reaction	3	0	IC-1 (ODEBench held-out IC)	3	3	3	True	24.981	3.41708	30.7377	0.00139469	5.5429	3.46526	8	0.0257557	0.0315312	0.0158653	0.0156752	0.0460209	0.0196857	0		identifiable	capability
T2	42	CDIMA reaction	3	1	box IC 0	3	3	3	True	29.7546	3.40428	29.9787	0.0011869	5.16327	0.818909	8	0.0140128	0.0273359	0.00644558	0.00421657	0.0264313	0.00563449	0		identifiable	capability
T2	42	CDIMA reaction	3	2	box IC 1	3	3	3	True	103.865	3.33151	24.7263	0.0199455	2.54639	0.0855578	8	0.0158527	0.0184583	0.0175911	0.0057114	0.0313519	0.00615071	0		identifiable	capability
T2	42	CDIMA reaction	3	3	box IC 2	3	3	3	True	24.3145	3.41914	30.4529	0.0015183	5.40056	3.61918	8	0.0276213	0.0328225	0.0173369	0.016229	0.0513046	0.0204134	0		identifiable	capability
T2	42	CDIMA reaction	3	4	box IC 3	3	3	3	True	19.7256	3.43572	30.271	0.00112299	5.30938	3.72982	8	0.0232964	0.0228336	0.0164407	0.0154185	0.0427946	0.0189948	0		identifiable	capability
T2	42	CDIMA reaction	3	5	box IC 4	3	3	3	True	19.8108	3.43537	28.7393	0.00141289	4.5437	4.31598	8	0.0266836	0.0321061	0.0197756	0.0175188	0.0463616	0.0176559	0		identifiable	capability
T2	42	CDIMA reaction	3	6	box IC 5	3	3	3	True	66.6521	3.35413	26.4382	0.00771094	3.39627	0.0858732	8	0.018039	0.0348564	0.0132642	0.00123661	0.0353733	0.00546444	0		identifiable	capability
T2	42	CDIMA reaction	3	7	box IC 6	3	3	3	True	158.722	3.31244	24.8593	0.0415785	2.62335	0.0451615	8	0.0278002	0.0354692	0.0228741	0.0102452	0.065138	0.00527477	0		identifiable	capability
T2	42	CDIMA reaction	3	8	box IC 7	3	3	3	True	36.8728	3.3896	28.5586	0.00212449	4.4537	0.314221	8	0.0173526	0.0368465	0.00835504	0.0034207	0.0310164	0.00712421	0		identifiable	capability
T2	42	CDIMA reaction	3	9	box IC 8	3	3	3	True	49.5411	3.37106	32.2362	0.00130615	6.29208	2.21876	8	0.0190975	0.0335643	0.00939693	0.00719906	0.0358392	0.00948782	0		identifiable	capability
T2	42	CDIMA reaction	3	10	box IC 9	3	3	3	True	28.3887	3.40764	31.3475	0.00104977	5.84762	2.96475	8	0.0192126	0.0202372	0.0115439	0.0149854	0.0385422	0.0107542	0		identifiable	capability
T2	43	Driven pendulum linear damping	2	0	IC-1 (ODEBench held-out IC)	2	2	2	True	7.4636	2.53392	15.7269	0.00292157	2.80432	0.151521	8	0.00787814	0.00568194	0.0044425	0.00417147	0.0208453	0.00424952	0		identifiable	capability
T2	43	Driven pendulum linear damping	2	1	box IC 0	2	2	2	True	3.54923	2.64511	17.2424	0.000690517	3.56093	1.29608	8	0.00460264	0.00998471	0.00180884	0.00377268	0.00287834	0.00456861	0		identifiable	capability
T2	43	Driven pendulum linear damping	2	2	box IC 1	2	2	2	True	2.39912	2.72461	19.0418	0.00020642	4.46039	0.249503	8	0.0032573	0.00639268	0.0016128	0.00180211	0.00275145	0.00372747	0		identifiable	capability
T2	43	Driven pendulum linear damping	2	3	box IC 2	2	2	2	True	2.48509	2.71667	19.1449	0.000201029	4.51195	0.315338	8	0.00328485	0.00584009	0.00173882	0.00157889	0.00347578	0.00379069	0		identifiable	capability
T2	43	Driven pendulum linear damping	2	4	box IC 3	2	2	2	True	2.95629	2.67993	17.9417	0.000418602	3.91047	0.382708	8	0.00392006	0.00679453	0.00173216	0.00225645	0.00487068	0.00394647	0		identifiable	capability
T2	43	Driven pendulum linear damping	2	5	box IC 4	2	2	2	True	2.49565	2.71573	19.1876	0.000197381	4.53332	0.532031	8	0.00326598	0.00589541	0.00169986	0.00156514	0.00338128	0.00378819	0		identifiable	capability
T2	43	Driven pendulum linear damping	2	6	box IC 5	2	2	2	True	2.33232	2.73111	19.0356	0.000203026	4.4573	1.22281	8	0.00323469	0.00635635	0.00160611	0.00179845	0.00264618	0.00376633	0		identifiable	capability
T2	43	Driven pendulum linear damping	2	7	box IC 6	2	2	2	True	2.33341	2.731	18.9181	0.000215376	4.39857	1.07411	8	0.00327789	0.00643814	0.00161404	0.00186601	0.00269171	0.00377957	0		identifiable	capability
T2	43	Driven pendulum linear damping	2	8	box IC 7	2	2	2	True	2.63543	2.7038	18.099	0.000354105	3.98905	1.13761	8	0.00370523	0.00752704	0.00163474	0.00253354	0.00284256	0.00398829	0		identifiable	capability
T2	43	Driven pendulum linear damping	2	9	box IC 8	2	2	2	True	8.88411	2.51319	15.482	0.00391024	2.68236	0.0805854	8	0.00893328	0.0101407	0.00363083	0.004869	0.0218834	0.00414244	0		identifiable	capability
T2	43	Driven pendulum linear damping	2	10	box IC 9	2	2	2	True	26.5177	2.41262	13.1218	0.0375652	1.51875	0.0419875	8	0.0776744	0.12305	0.0547092	0.0300433	0.142721	0.0378482	0		identifiable	capability
T2	44	Driven pendulum quadratic damping	2	0	IC-1 (ODEBench held-out IC)	2	2	2	True	7.54275	2.53261	15.7125	0.00297278	3.10657	0.196164	8	0.00776719	0.0045014	0.00335612	0.00481123	0.0180744	0.00809283	0		identifiable	capability
T2	44	Driven pendulum quadratic damping	2	1	box IC 0	2	2	2	True	2.82628	2.68908	17.7086	0.000454019	4.10333	2.21586	8	0.00394481	0.00822629	0.0021226	0.00232019	0.00207706	0.00497793	0		identifiable	capability
T2	44	Driven pendulum quadratic damping	2	2	box IC 1	2	2	2	True	1.89083	2.7833	19.7432	0.000124904	5.12049	0.551196	8	0.00277442	0.00584231	0.00147786	0.00104328	0.00196805	0.00354061	0		identifiable	capability
T2	44	Driven pendulum quadratic damping	2	3	box IC 2	2	2	2	True	1.86781	2.78658	19.7458	0.000123891	5.12179	0.682669	8	0.00277284	0.00542862	0.00153859	0.00110715	0.00222133	0.00356853	0		identifiable	capability
T2	44	Driven pendulum quadratic damping	2	4	box IC 3	2	2	2	True	2.06135	2.76095	18.3864	0.000259053	4.44213	0.707105	8	0.00325797	0.00590734	0.00172729	0.00174758	0.00262183	0.00428583	0		identifiable	capability
T2	44	Driven pendulum quadratic damping	2	5	box IC 4	2	2	2	True	1.84311	2.79017	19.7203	0.000124567	5.10903	1.29956	8	0.0027774	0.00555693	0.00152654	0.00108235	0.00212496	0.00359624	0		identifiable	capability
T2	44	Driven pendulum quadratic damping	2	6	box IC 5	2	2	2	True	1.81836	2.79385	19.6943	0.000125276	5.09605	2.4647	8	0.00278903	0.00587095	0.00151789	0.00102935	0.00191077	0.00361621	0		identifiable	capability
T2	44	Driven pendulum quadratic damping	2	7	box IC 6	2	2	2	True	1.78607	2.79879	19.5907	0.000130695	5.04422	1.84272	8	0.00280969	0.00586807	0.00153076	0.00107128	0.00193391	0.00364444	0		identifiable	capability
T2	44	Driven pendulum quadratic damping	2	8	box IC 7	2	2	2	True	1.86957	2.78632	18.7082	0.00020825	4.60302	1.98847	8	0.00311936	0.00640992	0.00171047	0.00145448	0.00193626	0.0040857	0		identifiable	capability
T2	44	Driven pendulum quadratic damping	2	9	box IC 8	2	2	2	True	12.2045	2.47927	14.9398	0.00700327	2.72219	0.0808034	8	0.0116781	0.0125282	0.00303754	0.00813375	0.0252332	0.00945796	0		identifiable	capability
T2	44	Driven pendulum quadratic damping	2	10	box IC 9	2	2	2	True	35.8474	2.39147	12.7923	0.0598397	1.67402	0.0511701	8	0.0661227	0.0912237	0.0539078	0.025585	0.155899	0.00399804	0		identifiable	capability
T2	45	Gray-Scott model	2	0	IC-1 (ODEBench held-out IC)	2	2	2	True	97.2234	2.3347	6.45429	3.85732	0.774168	0.053741	8	8.11255	39.0777	0.352964	0.166879	0.301009	0.664226	0		identifiable	capability
T2	45	Gray-Scott model	2	1	box IC 0	2	2	2	True	14.2186	2.4645	7.76898	0.293756	0.770044	0.0231907	8	0.105529	0.163612	0.0722044	0.0276816	0.0517617	0.212387	0		identifiable	capability
T2	45	Gray-Scott model	2	2	box IC 1	2	2	2	True	345.904	2.28257	5.23931	25.1916	1.0091	0.103076	8	11.1033	52.8412	0.608344	0.563859	0.465194	1.03777	0		identifiable	capability
T2	45	Gray-Scott model	2	3	box IC 2	2	2	2	True	43.7368	2.37867	5.65591	2.58768	0.22381	0.0152049	8	0.761139	0.620943	0.411385	0.593923	1.69042	0.489027	0		identifiable	capability
T2	45	Gray-Scott model	2	4	box IC 3	2	2	2	True	30.5371	2.40244	6.55966	1.15049	0.419624	0.0239206	8	0.259974	0.265553	0.268757	0.158576	0.180962	0.426022	0		identifiable	capability
T2	45	Gray-Scott model	2	5	box IC 4	2	2	2	True	45.8741	2.37572	5.68475	2.67513	0.25025	0.021097	8	0.335167	0.430591	0.144432	0.414324	0.124733	0.561753	0		identifiable	capability
T2	45	Gray-Scott model	2	6	box IC 5	2	2	2	True	270.993	2.29129	4.51647	28.3285	0.70432	0.0144106	8	28.5138	141.556	0.179398	0.540045	0.217691	0.0754379	0		identifiable	capability
T2	45	Gray-Scott model	2	7	box IC 6	2	2	2	True	303.502	2.28718	4.65097	29.6634	0.793793	0.0155906	8	31.2931	155.314	0.223969	0.52912	0.20017	0.198852	0		identifiable	capability
T2	45	Gray-Scott model	2	8	box IC 7	2	2	2	True	51.4453	2.36882	6.25672	2.25362	0.475156	0.0142628	8	5.94591	14.0177	0.092802	0.0525367	15.4261	0.140427	0		identifiable	capability
T2	45	Gray-Scott model	2	9	box IC 8	2	2	2	True	17.9398	2.44369	7.62974	0.396633	0.738693	0.025393	8	0.173512	0.171059	0.213443	0.0423421	0.169084	0.271631	0		identifiable	capability
T2	45	Gray-Scott model	2	10	box IC 9	2	2	2	True	34.5218	2.394	7.32134	0.88848	0.735351	0.0386604	8	0.311215	0.561612	0.222398	0.130291	0.223137	0.418639	0		identifiable	capability
T2	46	Interacting bar magnets	1	0	IC-1 (ODEBench held-out IC)	1	1	1	True	1	2	10.0296	4.40745e-05	0.451984	0.0252376	8	0.00174283	0.00291752	4.28667e-05	0.000160548	0.00393038	0.00166283	0		identifiable	capability
T2	46	Interacting bar magnets	1	1	box IC 0	1	1	1	True	1	2	10.2561	3.51412e-05	0.565233	0.0100696	8	0.00292909	0.000498064	0.00180111	0.00157876	0.00696854	0.00379896	0		identifiable	capability
T2	46	Interacting bar magnets	1	2	box IC 1	1	1	1	True	1	2	9.95396	4.7539e-05	0.414152	0.00204765	8	0.00412853	0.00164352	0.00224273	0.00323301	0.00958799	0.00393538	0		identifiable	capability
T2	46	Interacting bar magnets	1	3	box IC 2	1	1	1	True	1	2	10.5273	2.67936e-05	0.700835	0.00591719	8	0.00101122	0.00159885	0.000515695	0.000797832	0.00143829	0.000705426	0		identifiable	capability
T2	46	Interacting bar magnets	1	4	box IC 3	1	1	1	True	1	2	10.0818	4.18358e-05	0.478047	0.0156024	8	0.00164963	0.00276496	0.000107459	0.000246988	0.00359644	0.00153233	0		identifiable	capability
T2	46	Interacting bar magnets	1	5	box IC 4	1	1	1	True	1	2	9.55529	7.08255e-05	0.214829	0.0256975	8	0.00356113	0.00442287	0.000817525	0.000946758	0.00819957	0.00341892	0		identifiable	capability
T2	46	Interacting bar magnets	1	6	box IC 5	1	1	1	True	1	2	10.3159	3.31028e-05	0.59511	0.00512466	8	0.00151257	0.00337448	0.000314122	0.000415735	0.00296463	0.000493899	0		identifiable	capability
T2	46	Interacting bar magnets	1	7	box IC 6	1	1	1	True	1	2	10.4299	2.95363e-05	0.652108	0.00465029	8	0.00127966	0.00302151	0.000438599	0.000230119	0.00240607	0.000301997	0		identifiable	capability
T2	46	Interacting bar magnets	1	8	box IC 7	1	1	1	True	1	2	9.42283	8.08567e-05	0.148604	0.00265117	8	0.00652154	0.00396891	0.00344006	0.00447575	0.0145925	0.00613045	0		identifiable	capability
T2	46	Interacting bar magnets	1	9	box IC 8	1	1	1	True	1	2	10.8297	1.98019e-05	0.852023	0.00502372	8	0.00202035	0.000350012	0.0013304	0.00137855	0.00465015	0.00239262	0		identifiable	capability
T2	46	Interacting bar magnets	1	10	box IC 9	1	1	1	True	1	2	10.181	3.78822e-05	0.527681	0.00679821	8	0.00148568	0.00251771	0.000212894	0.000370984	0.00303152	0.00129532	0		identifiable	capability
T2	47	Binocular rivalry model	2	0	IC-1 (ODEBench held-out IC)	2	2	2	True	25.4501	2.41568	13.4357	0.03082	1.79412e-13	8.81471e-10	8	0.102062	0.269418	0.0414265	0.0840046	0.106871	0.00859227	0		identifiable	capability
T2	47	Binocular rivalry model	2	1	box IC 0	2	2	2	True	25.02	2.41696	13.4705	0.0297782	0.0168887	0.000294601	8	0.0902451	0.217497	0.0413586	0.0814234	0.0860459	0.0249001	0		identifiable	capability
T2	47	Binocular rivalry model	2	2	box IC 1	2	2	2	True	9.66351	2.50374	16.4688	0.0025918	1.50268	0.0599563	8	0.012849	0.00321492	0.00928999	0.0207201	0.0269586	0.00406161	0		identifiable	capability
T2	47	Binocular rivalry model	2	3	box IC 2	2	2	2	True	25.4501	2.41568	13.4357	0.03082	1.77636e-14	3.27811e-10	8	0.102063	0.269418	0.0414265	0.0840046	0.106871	0.00859221	0		identifiable	capability
T2	47	Binocular rivalry model	2	4	box IC 3	2	2	2	True	25.4501	2.41568	13.4357	0.03082	4.59011e-11	1.37488e-08	8	0.102061	0.269413	0.0414264	0.0840045	0.106867	0.00859349	0		identifiable	capability
T2	47	Binocular rivalry model	2	5	box IC 4	2	2	2	True	25.4501	2.41568	13.4357	0.03082	7.10543e-15	1.707e-10	8	0.102063	0.269418	0.0414265	0.0840046	0.106871	0.0085922	0		identifiable	capability
T2	47	Binocular rivalry model	2	6	box IC 5	2	2	2	True	2.48781	2.71643	18.3715	0.000296164	2.45289	0.0155661	8	0.00309279	0.000353473	0.00200429	0.00200528	0.00539932	0.00570157	0		identifiable	capability
T2	47	Binocular rivalry model	2	7	box IC 6	2	2	2	True	8.07666	2.52432	17.4085	0.00136032	1.97188	0.0099941	8	0.00908636	0.0181514	0.00381383	0.00167949	0.0186055	0.00318159	0		identifiable	capability
T2	47	Binocular rivalry model	2	8	box IC 7	2	2	2	True	16.558	2.45065	14.3429	0.0127666	0.444744	0.00175377	8	0.0379636	0.0670991	0.0223026	0.0413905	0.0225339	0.0364921	0		identifiable	capability
T2	47	Binocular rivalry model	2	9	box IC 8	2	2	2	True	25.4501	2.41568	13.4357	0.03082	1.56197e-07	5.8317e-07	8	0.102006	0.269237	0.0414231	0.0839961	0.106715	0.00865758	0		identifiable	capability
T2	47	Binocular rivalry model	2	10	box IC 9	2	2	2	True	25.4497	2.41568	13.4357	0.0308189	1.77379e-05	1.87489e-05	8	0.101638	0.267837	0.041432	0.0839339	0.105795	0.00919262	0		identifiable	capability
T2	48	Bacterial respiration model	3	0	IC-1 (ODEBench held-out IC)	3	3	3	True	159.59	3.31221	34.0491	0.00128814	3.70509	0.0251697	8	0.0202091	0.0297828	0.00957309	0.0153606	0.0336297	0.0126991	0		identifiable	capability
T2	48	Bacterial respiration model	3	1	box IC 0	3	3	3	True	221.885	3.29885	33.2785	0.0023927	3.32036	0.0165935	8	0.0267352	0.0373711	0.0112149	0.0219188	0.0404042	0.0227667	0		identifiable	capability
T2	48	Bacterial respiration model	3	2	box IC 1	3	3	3	True	133.845	3.31984	34.2937	0.000870772	3.82719	0.0575267	8	0.0162782	0.024751	0.00829132	0.0119815	0.0281472	0.00821995	0		identifiable	capability
T2	48	Bacterial respiration model	3	3	box IC 2	3	3	3	True	101.594	3.33257	35.0859	0.000461167	4.22311	0.0318518	8	0.00626934	0.013143	0.00267694	0.000960393	0.0107263	0.0038401	0		identifiable	capability
T2	48	Bacterial respiration model	3	4	box IC 3	3	3	3	True	142.287	3.31714	34.4163	0.000854441	3.8885	0.0361634	8	0.122291	0.287106	0.00647223	0.0049655	0.0211605	0.291751	0		identifiable	capability
T2	48	Bacterial respiration model	3	5	box IC 4	3	3	3	True	99.4513	3.3336	35.8882	0.000363849	4.62421	0.0838495	8	0.00828885	0.0152315	0.00451817	0.004093	0.015754	0.00184754	0		identifiable	capability
T2	48	Bacterial respiration model	3	6	box IC 5	3	3	3	True	126.344	3.32242	34.6987	0.000840847	4.02968	0.0317111	8	0.0165602	0.0251951	0.00837255	0.0121144	0.0292427	0.00787618	0		identifiable	capability
T2	48	Bacterial respiration model	3	7	box IC 6	3	3	3	True	130.373	3.32101	34.6113	0.000891774	3.98598	0.0293668	8	0.0170654	0.0257415	0.00858668	0.0126046	0.0299316	0.00846277	0		identifiable	capability
T2	48	Bacterial respiration model	3	8	box IC 7	3	3	3	True	163.775	3.31111	33.9922	0.00135613	3.67668	0.0228701	8	0.0208417	0.030041	0.0099315	0.0162551	0.0345445	0.0134364	0		identifiable	capability
T2	48	Bacterial respiration model	3	9	box IC 8	3	3	3	True	220.978	3.29901	33.2413	0.00231053	3.30169	0.00767036	8	0.0147951	0.00506115	0.005433	0.0135699	0.0215347	0.0283769	0		identifiable	capability
T2	48	Bacterial respiration model	3	10	box IC 9	3	3	3	True	148.248	3.31536	34.2476	0.000903992	3.80418	0.0351892	8	0.0155151	0.0112252	0.011598	0.0132917	0.034143	0.00731728	0		identifiable	capability
T2	49	Brusselator	2	0	IC-1 (ODEBench held-out IC)	2	2	2	True	3.06563	2.67271	23.6452	2.48852e-05	3.16784	0.0336467	8	0.00307435	0.00334603	0.00320213	0.0035374	0.00342475	0.00186144	0		identifiable	capability
T2	49	Brusselator	2	1	box IC 0	2	2	2	True	5.76193	2.568	24.4897	2.8549e-05	3.59007	0.0855087	8	0.00198356	0.00596763	0.000178248	0.00195354	0.00132597	0.000492394	0		identifiable	capability
T2	49	Brusselator	2	2	box IC 1	2	2	2	True	7.52445	2.53291	17.6439	0.00112916	0.167726	0.00970176	8	0.0145938	0.0225785	0.0109859	0.00850455	0.00387182	0.0270281	0		identifiable	capability
T2	49	Brusselator	2	3	box IC 2	2	2	2	True	2.01145	2.76716	21.4447	5.53071e-05	2.06758	0.00669372	8	0.00364646	0.00338436	0.0028248	0.0043829	0.0060646	0.00157566	0		identifiable	capability
T2	49	Brusselator	2	4	box IC 3	2	2	2	True	2.02204	2.76582	23.5457	1.94054e-05	3.11809	0.0197335	8	0.00287575	0.00336913	0.00160474	0.00297478	0.00397709	0.00245301	0		identifiable	capability
T2	49	Brusselator	2	5	box IC 4	2	2	2	True	2.00449	2.76805	23.769	1.72642e-05	3.22974	0.0179568	8	0.00240318	0.0028516	0.00122334	0.0022936	0.00336035	0.00228701	0		identifiable	capability
T2	49	Brusselator	2	6	box IC 5	2	2	2	True	2.94659	2.68059	23.7668	2.26867e-05	3.22862	0.0440851	8	0.0032698	0.00772052	0.00184751	0.00401109	0.00125151	0.00151836	0		identifiable	capability
T2	49	Brusselator	2	7	box IC 6	2	2	2	True	3.76678	2.63453	24.5184	1.91179e-05	3.60444	0.0655021	8	0.002614	0.00694059	0.00126365	0.00336147	0.000581415	0.000922883	0		identifiable	capability
T2	49	Brusselator	2	8	box IC 7	2	2	2	True	5.14981	2.58418	24.7446	2.26279e-05	3.71753	0.0868943	8	0.00220057	0.00658358	0.000710046	0.00273497	0.000396519	0.000577724	0		identifiable	capability
T2	49	Brusselator	2	9	box IC 8	2	2	2	True	2.56082	2.71004	22.4882	3.86164e-05	2.58932	0.0154883	8	0.00334598	0.00298549	0.00275335	0.00388128	0.00543831	0.00167147	0		identifiable	capability
T2	49	Brusselator	2	10	box IC 9	2	2	2	True	8.71555	2.51539	24.5469	4.12751e-05	3.61868	0.159086	8	0.00217931	0.00294204	0.00234529	0.00109897	0.00397715	0.000533067	0		identifiable	capability
T2	50	Schnackenberg model	2	0	IC-1 (ODEBench held-out IC)	2	2	2	True	4.72412	2.59726	25.4627	1.45947e-05	4.8374	0.132708	8	0.000927387	0.000267349	0.000786789	0.000376458	0.00166268	0.00154366	0		identifiable	capability
T2	50	Schnackenberg model	2	1	box IC 0	2	2	2	True	4.71279	2.59763	25.42	1.48769e-05	4.81605	0.113092	8	0.000847073	5.29581e-05	0.000704583	0.000352222	0.00157799	0.00154761	0		identifiable	capability
T2	50	Schnackenberg model	2	2	box IC 1	2	2	2	True	29.3259	2.40531	16.9485	0.00612951	0.583356	0.0167123	8	0.0504542	0.128437	0.0138955	0.01841	0.0684126	0.0231157	0		identifiable	capability
T2	50	Schnackenberg model	2	3	box IC 2	2	2	2	True	4.91424	2.59121	25.5072	1.47999e-05	4.85964	0.0667747	8	0.000908934	0.000487125	0.00071624	0.000134461	0.00167103	0.00153581	0		identifiable	capability
T2	50	Schnackenberg model	2	4	box IC 3	2	2	2	True	4.85132	2.59317	25.4994	1.46827e-05	4.85574	0.0846467	8	0.000815913	0.000180387	0.00049016	0.000407317	0.00141631	0.00158539	0		identifiable	capability
T2	50	Schnackenberg model	2	5	box IC 4	2	2	2	True	4.86984	2.59259	25.5218	1.45701e-05	4.86694	0.0784932	8	0.000808418	0.000190417	0.000381481	0.000471876	0.00136182	0.0016365	0		identifiable	capability
T2	50	Schnackenberg model	2	6	box IC 5	2	2	2	True	4.43808	2.60709	25.2481	1.53511e-05	4.7301	0.108378	8	0.000888867	0.000212276	0.000765439	0.000225789	0.00169001	0.00155083	0		identifiable	capability
T2	50	Schnackenberg model	2	7	box IC 6	2	2	2	True	4.55184	2.60307	25.312	1.52133e-05	4.76204	0.104372	8	0.000886534	0.000243402	0.000752967	0.000222978	0.00166411	0.00154921	0		identifiable	capability
T2	50	Schnackenberg model	2	8	box IC 7	2	2	2	True	4.64322	2.59994	25.3698	1.50495e-05	4.79095	0.108535	8	0.000863094	0.000136205	0.000721373	0.000289805	0.00161754	0.00155055	0		identifiable	capability
T2	50	Schnackenberg model	2	9	box IC 8	2	2	2	True	4.84814	2.59327	25.4732	1.48671e-05	4.84266	0.0783405	8	0.000893793	0.000426794	0.000685005	0.000186764	0.00161724	0.00155316	0		identifiable	capability
T2	50	Schnackenberg model	2	10	box IC 9	2	2	2	True	4.8118	2.59442	25.6335	1.36276e-05	4.9228	0.180271	8	0.00104354	0.000562978	0.000984581	0.000143644	0.00209985	0.00142663	0		identifiable	capability
T2	51	Oscillator death model	2	0	IC-1 (ODEBench held-out IC)	2	2	2	True	6.6561	2.54848	16.9231	0.00143914	2.18607	0.21247	8	0.00554824	0.0112214	0.00253173	0.00586926	0.00360643	0.00451234	0		identifiable	capability
T2	51	Oscillator death model	2	1	box IC 0	2	2	2	True	14.9476	2.45986	16.4569	0.00400817	1.95423	0.107291	8	0.0104892	0.0307034	0.00130158	0.0110647	0.00452854	0.00484786	0		identifiable	capability
T2	51	Oscillator death model	2	2	box IC 1	2	2	2	True	10.5361	2.49439	15.7998	0.00394176	1.62566	0.0561509	8	0.0125761	0.0365502	0.00622437	0.00793274	0.00231412	0.00985919	0		identifiable	capability
T2	51	Oscillator death model	2	3	box IC 2	2	2	2	True	4.75317	2.59631	17.7097	0.000708249	2.57898	0.117559	8	0.00381604	0.00160598	0.00214334	0.00253085	0.00887943	0.0039206	0		identifiable	capability
T2	51	Oscillator death model	2	4	box IC 3	2	2	2	True	12.3781	2.47786	15.4152	0.00559911	1.43416	0.0572311	8	0.01418	0.0349636	0.001842	0.0078744	0.0107444	0.0154755	0		identifiable	capability
T2	51	Oscillator death model	2	5	box IC 4	2	2	2	True	35.1196	2.39284	14.0127	0.0318482	0.745807	0.0332751	8	0.0947565	0.398054	0.00581244	0.0209721	0.00650867	0.0424359	0		identifiable	capability
T2	51	Oscillator death model	2	6	box IC 5	2	2	2	True	7.4558	2.53405	17.0896	0.00147669	2.2693	0.0753095	8	0.00509571	0.00914691	0.0014636	0.00675341	0.00483934	0.00327531	0		identifiable	capability
T2	51	Oscillator death model	2	7	box IC 6	2	2	2	True	8.87195	2.51334	16.5532	0.00228565	2.00156	0.0509912	8	0.00762759	0.0199719	0.00344347	0.00836102	0.00206374	0.0042978	0		identifiable	capability
T2	51	Oscillator death model	2	8	box IC 7	2	2	2	True	20.1103	2.43414	15.6076	0.00822894	1.53169	0.0370778	8	0.0297865	0.0841254	0.0120621	0.019132	0.0306926	0.00292045	0		identifiable	capability
T2	51	Oscillator death model	2	9	box IC 8	2	2	2	True	25.4682	2.41563	14.4619	0.0184635	0.963866	0.0220253	8	0.0533948	0.146958	0.0185818	0.00350635	0.0806249	0.0173028	0		identifiable	capability
T2	51	Oscillator death model	2	10	box IC 9	2	2	2	True	4.63148	2.60034	17.8903	0.00063194	2.66926	0.476774	8	0.00354696	0.00132536	0.00212497	0.00267313	0.00813137	0.00347996	0		identifiable	capability
T2	52	Maxwell-Bloch equations	4	0	IC-1 (ODEBench held-out IC)	4	4	4	True	6369.53	4.20816	-15.565	604981	0.819086	0.056754	8	53.5704	158.759	10.6955	65.7832	16.1828	16.4311	0		identifiable	capability
T2	52	Maxwell-Bloch equations	4	1	box IC 0	4	4	4	True	9071.43	4.20171	-7.61492	51979.9	2.57739	0.410409	8	38.1536	104.685	12.3103	46.314	12.9676	14.4905	0		identifiable	capability
T2	52	Maxwell-Bloch equations	4	2	box IC 1	4	4	4	True	2038.33	4.23206	2.63029	764.694	4.73691	0.237237	8	7.04916	7.54249	8.24978	10.0901	8.44776	0.915643	0		identifiable	capability
T2	52	Maxwell-Bloch equations	4	3	box IC 2	4	4	4	True	9079.7	4.20169	-13.0202	445352	1.33047	0.133133	8	22.6906	37.6274	9.64396	12.6067	16.9383	36.6367	0		identifiable	capability
T2	52	Maxwell-Bloch equations	4	4	box IC 3	4	4	4	True	937.161	4.25177	-1.19602	1431.9	2.67635	0.0427163	8	6.07	2.23117	2.10027	11.2859	12.9224	1.81029	0		identifiable	capability
T2	52	Maxwell-Bloch equations	4	5	box IC 4	4	4	4	True	5444.45	4.21115	0.616061	4533.93	4.67874	0.359482	8	9.04762	13.4401	2.82639	7.14418	8.56087	13.2665	0		identifiable	capability
T2	52	Maxwell-Bloch equations	4	6	box IC 5	4	4	4	True	9629.93	4.20066	-2.27948	19313.7	4.17449	0.325221	8	8.26151	7.14958	8.31038	15.9833	8.83535	1.02892	0		identifiable	capability
T2	52	Maxwell-Bloch equations	4	7	box IC 6	4	4	4	True	456.104	4.27329	-5.77978	843.594	1.54408	0.0867197	8	29.9257	25.4432	9.34552	97.883	6.17865	10.7779	0		identifiable	capability
T2	52	Maxwell-Bloch equations	4	8	box IC 7	4	4	4	True	4020.87	4.21719	-1.92363	5557.94	3.73554	0.207651	8	5.95796	4.89833	8.93093	6.3462	8.84517	0.769184	0		identifiable	capability
T2	52	Maxwell-Bloch equations	4	9	box IC 8	4	4	4	True	2147.23	4.23085	-5.15766	8820.06	2.31806	0.294069	8	17.8843	18.0886	10.2947	9.06337	13.5331	38.4415	0		identifiable	capability
T2	52	Maxwell-Bloch equations	4	10	box IC 9	4	4	4	True	3582.2	4.21958	-3.3542	12758.9	2.76517	0.0724741	8	18.8324	2.54819	27.9399	13.6813	23.6772	26.3156	0		identifiable	capability
T2	53	Apoptosis model	10	0	IC-1 (ODEBench held-out IC)	8	10	10	True	482279	10.1496	12.9851	48763	7.7746	0.23369	8	6.25607	6.76854	8.00676	1.55887	4.13176	10.8144	0		structurally_non_identifiable	design_within_class
T2	53	Apoptosis model	10	1	box IC 0	8	10	10	True	396769	10.1515	25.6713	27159.1	11.5279	0.235097	8	4.57455	6.7206	5.31247	0.796217	2.39797	7.6455	0		structurally_non_identifiable	design_within_class
T2	53	Apoptosis model	10	2	box IC 1	8	10	10	True	810689	10.1447	2.60428	52899.9	5.88157	1.09905	8	7.43639	11.4597	4.17317	8.02822	5.1028	8.41803	0		structurally_non_identifiable	design_within_class
T2	53	Apoptosis model	10	3	box IC 2	8	10	10	True	1.81777e+06	10.1377	20.0981	55508.5	12.6522	0.473034	8	inf	nan	1.52459	2.0353	3.97953	4.1385	1	lm status 0 (The maximum number of function evaluations is exceeded.)	structurally_non_identifiable	design_within_class
T2	53	Apoptosis model	10	4	box IC 3	8	10	10	True	113212	10.1652	37.6521	5695.31	14.5325	0.302671	8	5.13087	7.01364	4.70911	3.50921	3.47125	6.95117	0		structurally_non_identifiable	design_within_class
T2	53	Apoptosis model	10	5	box IC 4	8	10	10	True	6.4738e+06	10.128	5.47875	63007.3	8.2033	0.19965	8	3.94602	2.82471	1.68368	2.1089	6.92857	6.18425	0		structurally_non_identifiable	design_within_class
T2	53	Apoptosis model	10	6	box IC 5	8	10	10	True	1.41532e+06	10.1398	12.4471	59242.8	10.5772	1.18217	8	inf	nan	6.76891	5.28596	1.61795	10.164	1	lm status 0 (The maximum number of function evaluations is exceeded.)	structurally_non_identifiable	design_within_class
T2	53	Apoptosis model	10	7	box IC 6	8	10	10	True	818686	10.1447	18.7829	39035.6	10.4524	0.398206	8	3.05044	5.04461	3.59676	1.60933	2.08728	2.91423	0		structurally_non_identifiable	design_within_class
T2	53	Apoptosis model	10	8	box IC 7	8	10	10	True	1.49829e+06	10.1394	9.27018	58921.2	9.35465	1.12872	8	inf	nan	6.87535	2.11017	2.2239	8.59846	1	lm status 0 (The maximum number of function evaluations is exceeded.)	structurally_non_identifiable	design_within_class
T2	53	Apoptosis model	10	9	box IC 8	8	10	10	True	7.56431e+06	10.1269	12.8698	60859.5	11.3077	0.371203	8	inf	nan	nan	2.83784	nan	nan	4	lm status 0 (The maximum number of function evaluations is exceeded.) | lm status 0 (The maximum number of function evaluations is exceeded.) | lm status 0 (The maximum number of function evaluations is exceeded.) | lm status 0 (The maximum number of function evaluations is exceeded.)	structurally_non_identifiable	design_within_class
T2	53	Apoptosis model	10	10	box IC 9	8	10	10	True	743164	10.1455	30.7792	29047.7	14.0499	0.317969	8	7.04557	9.5884	1.04843	3.56826	11.0482	9.97451	0		structurally_non_identifiable	design_within_class
T2	54	Lorenz equations periodic	3	0	IC-1 (ODEBench held-out IC)	3	3	3	True	5.04103	3.58736	36.2386	3.24623e-05	1.79549	0.0438709	8	0.00273725	0.00583753	0.00117117	0.00146765	0.00246878	0.00274113	0		identifiable	capability
T2	54	Lorenz equations periodic	3	1	box IC 0	3	3	3	True	3.20772	3.66392	38.0654	1.48961e-05	2.70887	0.0674708	8	0.00120238	0.00298053	0.000726832	0.000560015	0.000839208	0.000905324	0		identifiable	capability
T2	54	Lorenz equations periodic	3	2	box IC 1	3	3	3	True	6.05132	3.56121	37.3914	2.8901e-05	2.3719	0.0652139	8	0.00308984	0.00458415	0.00205318	0.00202043	0.00431643	0.00247502	0		identifiable	capability
T2	54	Lorenz equations periodic	3	3	box IC 2	3	3	3	True	6.18781	3.55818	34.4459	6.70825e-05	0.899149	0.0343969	8	0.00352848	0.00636435	0.00366477	0.00119138	0.00406401	0.0023579	0		identifiable	capability
T2	54	Lorenz equations periodic	3	4	box IC 3	3	3	3	True	3.47813	3.64878	36.8956	2.17196e-05	2.12399	0.0295037	8	0.00187391	0.00486959	0.00107116	0.000701696	0.000971538	0.00175555	0		identifiable	capability
T2	54	Lorenz equations periodic	3	5	box IC 4	3	3	3	True	5.6415	3.57097	37.5608	2.61963e-05	2.45656	0.0686168	8	0.00194787	0.00358252	0.00126337	0.00147268	0.00201472	0.00140608	0		identifiable	capability
T2	54	Lorenz equations periodic	3	6	box IC 5	3	3	3	True	5.35571	3.57843	36.8874	3.19337e-05	2.11988	0.0630881	8	0.0030143	0.00579987	0.00207178	0.00161292	0.00409016	0.00149677	0		identifiable	capability
T2	54	Lorenz equations periodic	3	7	box IC 6	3	3	3	True	4.41417	3.60796	35.9787	4.12366e-05	1.66556	0.0265549	8	0.00209182	0.00369502	0.000716552	0.000860553	0.00221313	0.00297386	0		identifiable	capability
T2	54	Lorenz equations periodic	3	8	box IC 7	3	3	3	True	6.03742	3.56153	36.6133	3.53849e-05	1.98285	0.0545562	8	0.00263135	0.00588259	0.00080672	0.00179224	0.00319876	0.00147644	0		identifiable	capability
T2	54	Lorenz equations periodic	3	9	box IC 8	3	3	3	True	3.82672	3.63178	34.3317	5.19819e-05	0.842057	0.0584275	8	0.00337362	0.00562575	0.00331164	0.00239487	0.00348832	0.0020475	0		identifiable	capability
T2	54	Lorenz equations periodic	3	10	box IC 9	3	3	3	True	5.05565	3.58693	36.4289	3.04355e-05	1.89063	0.0337008	8	0.00238812	0.00435357	0.00141189	0.00227588	0.00261596	0.00128331	0		identifiable	capability
T2	55	Lorenz equations complex periodic	3	0	IC-1 (ODEBench held-out IC)	3	3	3	True	5.83141	3.56632	42.5707	4.57627e-06	2.18171	0.0519932	8	0.000643827	0.00059472	0.000551378	0.00075669	0.000410913	0.000905432	0		identifiable	capability
T2	55	Lorenz equations complex periodic	3	1	box IC 0	3	3	3	True	18.1304	3.44279	45.2946	5.08461e-06	3.54366	0.313165	8	0.0833137	0.000330446	0.207547	0.000238053	0.208046	0.000407746	0		identifiable	capability
T2	55	Lorenz equations complex periodic	3	2	box IC 1	3	3	3	True	8.70706	3.5155	42.8382	5.13342e-06	2.31548	0.073274	8	0.000917197	0.00135556	0.000811495	0.000824303	0.000561437	0.00103319	0		identifiable	capability
T2	55	Lorenz equations complex periodic	3	3	box IC 2	3	3	3	True	5.8203	3.56659	41.3453	6.63683e-06	1.569	0.0364997	8	0.000814979	0.000569864	0.000506057	0.000577579	0.000873107	0.00154829	0		identifiable	capability
T2	55	Lorenz equations complex periodic	3	4	box IC 3	3	3	3	True	4.28677	3.6127	40.8393	6.34183e-06	1.31603	0.0294646	8	0.00148405	0.00220065	0.00164302	0.000405297	0.00213531	0.00103595	0		identifiable	capability
T2	55	Lorenz equations complex periodic	3	5	box IC 4	3	3	3	True	10.6888	3.49287	43.837	5.49678e-06	2.81488	0.163111	8	0.132878	0.000493847	0.00132091	0.000183527	0.000818805	0.661571	0		identifiable	capability
T2	55	Lorenz equations complex periodic	3	6	box IC 5	3	3	3	True	6.03052	3.56169	41.1349	7.16383e-06	1.46384	0.0416287	8	0.00122584	9.67775e-05	0.00173467	0.00100634	0.00150888	0.00178252	0		identifiable	capability
T2	55	Lorenz equations complex periodic	3	7	box IC 6	3	3	3	True	4.44455	3.60686	40.283	7.93049e-06	1.03788	0.0238731	8	0.00101802	0.000738925	0.000431934	0.000414873	0.0020011	0.00150325	0		identifiable	capability
T2	55	Lorenz equations complex periodic	3	8	box IC 7	3	3	3	True	10.0785	3.49915	42.9253	5.56772e-06	2.35904	0.0794175	8	0.00119952	0.00147217	0.00162518	0.000878487	0.000449803	0.00157196	0		identifiable	capability
T2	55	Lorenz equations complex periodic	3	9	box IC 8	3	3	3	True	7.40306	3.53493	41.9409	6.27566e-06	1.8668	0.0652836	8	0.000739874	0.00010822	0.000789115	0.000526322	0.00137261	0.000903109	0		identifiable	capability
T2	55	Lorenz equations complex periodic	3	10	box IC 9	3	3	3	True	10.4852	3.49491	43.8444	4.78172e-06	2.81858	0.10374	8	0.000508811	0.000522903	0.000184303	0.000932924	0.00027992	0.000624002	0		identifiable	capability
T2	56	Lorenz equations chaotic	3	0	IC-1 (ODEBench held-out IC)	3	3	3	True	33.1435	3.39676	43.8885	1.89874e-05	3.57084	0.474574	8	0.116078	0.00349393	0.282658	0.281451	0.00861006	0.00417539	0		identifiable	capability
T2	56	Lorenz equations chaotic	3	1	box IC 0	3	3	3	True	5.7477	3.56835	40.7321	8.25552e-06	1.99266	0.0519135	8	0.00163497	0.00156704	0.000893071	0.000988259	0.00419673	0.000529761	0		identifiable	capability
T2	56	Lorenz equations chaotic	3	2	box IC 1	3	3	3	True	7.57041	3.53216	43.2908	4.80797e-06	3.272	0.148309	8	0.000693515	0.000980213	0.00109102	0.000169075	0.000875885	0.000351384	0		identifiable	capability
T2	56	Lorenz equations chaotic	3	3	box IC 2	3	3	3	True	9.483	3.50583	38.035	2.65965e-05	0.644132	0.0216117	8	0.00326024	0.00272074	0.00106096	0.00163271	0.00737559	0.00351119	0		identifiable	capability
T2	56	Lorenz equations chaotic	3	4	box IC 3	3	3	3	True	5.96716	3.56314	39.6489	1.15782e-05	1.45103	0.0289776	8	0.00175387	0.00156489	0.00155208	0.00106965	0.00437892	0.000203838	0		identifiable	capability
T2	56	Lorenz equations chaotic	3	5	box IC 4	3	3	3	True	6.42864	3.55306	40.2636	1.04401e-05	1.75841	0.0506285	8	0.00173596	0.000394632	0.00128784	0.00134007	0.0034029	0.00225434	0		identifiable	capability
T2	56	Lorenz equations chaotic	3	6	box IC 5	3	3	3	True	7.33914	3.53601	42.3279	5.51386e-06	2.79054	0.111238	8	0.000922523	0.00126207	0.00127447	0.000498428	0.000877839	0.000699816	0		identifiable	capability
T2	56	Lorenz equations chaotic	3	7	box IC 6	3	3	3	True	8.38773	3.51985	38.795	1.91327e-05	1.02412	0.0250022	8	0.0029329	0.00105456	0.00207608	0.00145777	0.0064221	0.00365399	0		identifiable	capability
T2	56	Lorenz equations chaotic	3	8	box IC 7	3	3	3	True	8.52915	3.51789	40.6799	1.252e-05	1.96656	0.0758136	8	0.0701801	0.000896988	0.339792	0.000859991	0.00735737	0.00199404	0		identifiable	capability
T2	56	Lorenz equations chaotic	3	9	box IC 8	3	3	3	True	9.62697	3.50416	40.1671	1.65943e-05	1.71016	0.0764467	8	0.0023483	0.000888652	0.00218747	0.00145658	0.00483896	0.00236983	0		identifiable	capability
T2	56	Lorenz equations chaotic	3	10	box IC 9	3	3	3	True	10.6376	3.49338	40.8093	1.43232e-05	2.03126	0.076328	8	0.00252801	0.00225217	0.000121399	0.00240628	0.0044478	0.0034124	0		identifiable	capability
T2	57	Rössler fixed point	4	0	IC-1 (ODEBench held-out IC)	4	4	4	True	281.759	4.28987	39.3901	0.0155602	3.34703	0.0284834	8	0.0455319	0.101077	0.00957715	0.0114404	0.0169332	0.0886318	0		identifiable	capability
T2	57	Rössler fixed point	4	1	box IC 0	4	4	4	True	342.181	4.28295	42.044	0.0220475	4.67718	0.142738	8	0.0387791	0.0583696	0.0211869	0.0143053	0.0610186	0.0390151	0		identifiable	capability
T2	57	Rössler fixed point	4	2	box IC 1	4	4	4	True	318.823	4.28542	40.6264	0.0088197	3.96188	0.0290496	8	0.0571339	0.0249607	0.0438108	0.041555	0.0968576	0.0784853	0		identifiable	capability
T2	57	Rössler fixed point	4	3	box IC 2	4	4	4	True	360.868	4.28111	36.0042	0.0419941	1.66694	0.0289733	8	0.0816122	0.142715	0.0446028	0.0391402	0.0146296	0.166973	0		identifiable	capability
T2	57	Rössler fixed point	4	4	box IC 3	4	4	4	True	578.422	4.2658	46.0257	0.0184512	6.66628	0.218661	8	0.0605507	0.12003	0.0328313	0.060065	0.0188888	0.0709387	0		identifiable	capability
T2	57	Rössler fixed point	4	5	box IC 4	4	4	4	True	468.897	4.2724	42.2457	0.0334895	4.7836	0.0828688	8	0.0396997	0.0436642	0.00365009	0.0101456	0.0847118	0.0563266	0		identifiable	capability
T2	57	Rössler fixed point	4	6	box IC 5	4	4	4	True	298.904	4.28773	39.3439	0.0120304	3.32221	0.0256484	8	0.057423	0.0315936	0.0358999	0.0334169	0.0862588	0.0999457	0		identifiable	capability
T2	57	Rössler fixed point	4	7	box IC 6	4	4	4	True	139.987	4.31786	38.2895	0.0083606	2.79318	0.0772823	8	0.0342392	0.069528	0.0242399	0.00693285	0.0305281	0.039967	0		identifiable	capability
T2	57	Rössler fixed point	4	8	box IC 7	4	4	4	True	268.855	4.29159	39.0989	0.0108598	3.19915	0.0288632	8	0.0586474	0.0313019	0.0415317	0.0362221	0.0963698	0.0878117	0		identifiable	capability
T2	57	Rössler fixed point	4	9	box IC 8	4	4	4	True	147.141	4.31568	39.326	0.0116757	3.31307	0.156009	8	0.0255667	0.0478903	0.0312534	0.0109898	0.00897073	0.0287294	0		identifiable	capability
T2	57	Rössler fixed point	4	10	box IC 9	4	4	4	True	505.766	4.26998	40.2891	0.0315526	3.80435	0.0435389	8	0.080641	0.140018	0.0487113	0.0878011	0.0192265	0.107449	0		identifiable	capability
T2	58	Rössler attractor periodic	4	0	IC-1 (ODEBench held-out IC)	4	4	4	True	533.808	4.26828	37.7881	0.0372318	3.49246	0.0422112	8	0.0707677	0.134364	0.0188828	0.0305067	0.0158711	0.154214	0		identifiable	capability
T2	58	Rössler attractor periodic	4	1	box IC 0	4	4	4	True	617.426	4.26381	40.2634	0.0530859	4.73771	0.271553	8	0.0745013	0.110462	0.0548054	0.0715558	0.0403189	0.0953649	0		identifiable	capability
T2	58	Rössler attractor periodic	4	2	box IC 1	4	4	4	True	382.344	4.27914	41.4197	0.00899696	5.29445	0.0548929	8	0.0539514	0.00188279	0.0475274	0.0296451	0.125586	0.0651162	0		identifiable	capability
T2	58	Rössler attractor periodic	4	3	box IC 2	4	4	4	True	784.924	4.25675	34.039	0.117142	1.65505	0.0347552	8	0.168287	0.320604	0.100721	0.0782042	0.0244304	0.317476	0		identifiable	capability
T2	58	Rössler attractor periodic	4	4	box IC 3	4	4	4	True	879.826	4.25352	44.5125	0.025981	6.8492	0.321371	8	0.0764227	0.149023	0.0443837	0.0750347	0.0445351	0.069137	0		identifiable	capability
T2	58	Rössler attractor periodic	4	5	box IC 4	4	4	4	True	935.847	4.25181	40.3567	0.108359	4.80992	0.178143	8	0.0960533	0.158134	0.00887539	0.064837	0.103504	0.144916	0		identifiable	capability
T2	58	Rössler attractor periodic	4	6	box IC 5	4	4	4	True	460.477	4.27298	37.5201	0.0218647	3.351	0.0403637	8	0.0789566	0.0159579	0.0550004	0.0362516	0.152422	0.135151	0		identifiable	capability
T2	58	Rössler attractor periodic	4	7	box IC 6	4	4	4	True	206.049	4.30175	37.1817	0.0105259	3.17625	0.113835	8	0.0358989	0.0580721	0.0272525	0.0123792	0.0652104	0.0165803	0		identifiable	capability
T2	58	Rössler attractor periodic	4	8	box IC 7	4	4	4	True	433.551	4.27495	37.0623	0.0196248	3.12103	0.0444494	8	0.0868921	0.039678	0.0693073	0.0451272	0.17137	0.108978	0		identifiable	capability
T2	58	Rössler attractor periodic	4	9	box IC 8	4	4	4	True	249.89	4.29431	38.1605	0.0198968	3.67025	0.246723	8	0.0376214	0.0358884	0.0457042	0.00943003	0.0652695	0.0318146	0		identifiable	capability
T2	58	Rössler attractor periodic	4	10	box IC 9	4	4	4	True	817.497	4.25559	38.7841	0.047485	3.99538	0.0550634	8	0.109816	0.191931	0.0654564	0.116631	0.0587674	0.116292	0		identifiable	capability
T2	59	Rössler attractor chaotic	4	0	IC-1 (ODEBench held-out IC)	4	4	4	True	570.824	4.26621	39.3258	0.037639	3.69738	0.0412773	8	0.0670282	0.081445	0.0151193	0.0493741	0.0397719	0.149431	0		identifiable	capability
T2	59	Rössler attractor chaotic	4	1	box IC 0	4	4	4	True	736.194	4.2586	41.5133	0.0700911	4.80652	0.271403	8	0.0880011	0.12998	0.0681358	0.0987944	0.0262547	0.116841	0		identifiable	capability
T2	59	Rössler attractor chaotic	4	2	box IC 1	4	4	4	True	268.533	4.29163	45.7926	0.0038522	6.91423	0.110265	8	0.0254983	0.00428395	0.023661	0.003016	0.0604822	0.0360481	0		identifiable	capability
T2	59	Rössler attractor chaotic	4	3	box IC 2	4	4	4	True	1012.11	4.24967	35.161	0.165838	1.67328	0.0327411	8	0.211099	0.410719	0.122938	0.0951665	0.0371976	0.389472	0		identifiable	capability
T2	59	Rössler attractor chaotic	4	4	box IC 3	4	4	4	True	981.841	4.2505	45.8297	0.0278675	6.94459	0.284774	8	0.0775397	0.147701	0.0455366	0.0758587	0.0531499	0.0654521	0		identifiable	capability
T2	59	Rössler attractor chaotic	4	5	box IC 4	4	4	4	True	1148.23	4.2463	41.6071	0.156914	4.89244	0.184334	8	0.134258	0.251577	0.0238729	0.106483	0.127937	0.161421	0		identifiable	capability
T2	59	Rössler attractor chaotic	4	6	box IC 5	4	4	4	True	494.861	4.27067	40.3155	0.0228031	4.18506	0.044611	8	0.0788771	0.0194121	0.0616158	0.0194617	0.163868	0.130028	0		identifiable	capability
T2	59	Rössler attractor chaotic	4	7	box IC 6	4	4	4	True	216.67	4.29978	38.7345	0.00975018	3.3881	0.122372	8	0.0309837	0.0452563	0.0245161	0.00974554	0.0675974	0.00780303	0		identifiable	capability
T2	59	Rössler attractor chaotic	4	8	box IC 7	4	4	4	True	466.634	4.27256	38.2118	0.0209127	3.13227	0.0438131	8	0.0879855	0.0424338	0.0717922	0.0382448	0.17524	0.112216	0		identifiable	capability
T2	59	Rössler attractor chaotic	4	9	box IC 8	4	4	4	True	280.599	4.29002	39.6678	0.0213168	3.86046	0.234584	8	0.0377527	0.0221356	0.0463011	0.00659341	0.0858365	0.0278971	0		identifiable	capability
T2	59	Rössler attractor chaotic	4	10	box IC 9	4	4	4	True	919.893	4.25229	40.1015	0.0511151	4.09171	0.0546676	8	0.112319	0.196151	0.0654225	0.118823	0.0705282	0.110673	0		identifiable	capability
T2	60	Aizawa attractor	6	0	IC-1 (ODEBench held-out IC)	6	6	6	True	216209	6.15786	32.0862	4260.24	6.05635	0.343008	8	213.777	462.673	5.14214	55.0916	16.4603	529.515	0		identifiable	capability
T2	60	Aizawa attractor	6	1	box IC 0	6	6	6	True	16654.5	6.19151	43.0374	56.1863	8.73873	0.264417	8	64.6414	321.165	0.620935	0.128885	1.08233	0.209672	0		identifiable	capability
T2	60	Aizawa attractor	6	2	box IC 1	6	6	6	True	3251.87	6.22162	64.4452	0.0666104	17.3789	0.315154	8	0.127054	0.169726	0.170205	0.0196987	0.194031	0.0816078	0		identifiable	capability
T2	60	Aizawa attractor	6	3	box IC 2	6	6	6	True	61913.4	6.17266	41.7289	85.4792	8.47522	0.12018	8	inf	nan	0.996628	373.075	1.05279	6.41455	1	lm status 0 (The maximum number of function evaluations is exceeded.)	identifiable	capability
T2	60	Aizawa attractor	6	4	box IC 3	6	6	6	True	3744.47	6.21866	53.2008	0.855566	12.0351	0.721774	8	0.202558	0.0807948	0.320856	0.0817979	0.217802	0.311538	0		identifiable	capability
T2	60	Aizawa attractor	6	5	box IC 4	6	6	6	True	1777.23	6.23531	63.5926	0.02811	16.9343	0.213162	7	0.0400482	0.0297881	0.0576314	0.0288853	0.0427333	0.0412026	0		identifiable	capability
T2	60	Aizawa attractor	6	6	box IC 5	6	6	6	True	7917.05	6.20414	56.3979	0.884293	13.6431	0.239502	8	0.291004	0.0617443	0.333754	0.234699	0.218799	0.606025	0		identifiable	capability
T2	60	Aizawa attractor	6	7	box IC 6	6	6	6	True	31061.4	6.18208	39.1893	254.699	7.68151	0.255664	8	71.1856	19.8737	7.97842	315.991	6.22801	5.85721	0		identifiable	capability
T2	60	Aizawa attractor	6	8	box IC 7	6	6	6	True	15465.6	6.1927	56.0609	2.5128	13.7841	0.188475	8	0.218711	0.232068	0.118172	0.163324	0.175559	0.404431	0		identifiable	capability
T2	60	Aizawa attractor	6	9	box IC 8	6	6	6	True	7270.7	6.20569	60.7433	0.260376	15.6118	1.17402	8	0.102934	0.145858	0.027669	0.0850375	0.0494255	0.206682	0		identifiable	capability
T2	60	Aizawa attractor	6	10	box IC 9	6	6	6	True	5124.58	6.21233	57.3889	0.345108	13.9679	0.341369	8	0.215538	0.58257	0.153713	0.0111382	0.191047	0.139221	0		identifiable	capability
T2	61	Chen-Lee attractor	4	0	IC-1 (ODEBench held-out IC)	4	4	4	True	36.8952	4.38956	56.885	3.50038e-05	4.87006	0.188232	8	0.00229593	0.000888037	0.00249511	0.00236028	0.00144153	0.00429471	0		identifiable	capability
T2	61	Chen-Lee attractor	4	1	box IC 0	4	4	4	True	20.8519	4.43119	55.1779	3.46112e-05	4.01652	0.203323	8	0.00225154	0.00205366	0.00116841	0.0029964	0.00290814	0.00213108	0		identifiable	capability
T2	61	Chen-Lee attractor	4	2	box IC 1	4	4	4	True	40.303	4.38383	56.3461	3.54731e-05	4.60061	0.179835	8	0.227008	0.00116182	1.12712	0.002256	0.00331079	0.00119389	0		identifiable	capability
T2	61	Chen-Lee attractor	4	3	box IC 2	4	4	4	True	13.3963	4.47015	60.6788	4.47349e-06	6.76694	0.510775	8	0.0010611	0.000500564	0.000506684	0.00101263	0.00174802	0.00153761	0		identifiable	capability
T2	61	Chen-Lee attractor	4	4	box IC 3	4	4	4	True	30.6518	4.40218	55.1618	4.01917e-05	4.00843	0.150129	8	0.534643	0.00060637	1.33136	0.00158512	0.00113994	1.33852	0		identifiable	capability
T2	61	Chen-Lee attractor	4	5	box IC 4	4	4	4	True	13.7977	4.46733	66.099	8.23507e-07	9.47705	0.700367	8	0.0277836	0.000179396	0.137061	0.000299746	0.00111853	0.000259437	0		identifiable	capability
T2	61	Chen-Lee attractor	4	6	box IC 5	4	4	4	True	6.55737	4.55044	60.2848	2.57914e-06	6.56996	0.541385	8	0.000511332	0.00022366	0.000455806	0.000682518	0.000797973	0.000396702	0		identifiable	capability
T2	61	Chen-Lee attractor	4	7	box IC 6	4	4	4	True	27.8477	4.40903	57.848	1.7465e-05	5.35152	0.494855	8	0.00133175	0.00168173	0.000701307	0.000794008	0.00186543	0.00161629	0		identifiable	capability
T2	61	Chen-Lee attractor	4	8	box IC 7	4	4	4	True	17.6736	4.44497	59.6141	6.81684e-06	6.23459	0.287472	8	0.172445	0.000728327	0.858849	0.00102788	0.001055	0.000565972	0		identifiable	capability
T2	61	Chen-Lee attractor	4	9	box IC 8	4	4	4	True	19.6678	4.43597	55.9381	2.57857e-05	4.39659	0.431996	8	0.00200259	0.00245492	0.00164692	0.000876168	0.0031719	0.00186307	0		identifiable	capability
T2	61	Chen-Lee attractor	4	10	box IC 9	4	4	4	True	16.7484	4.44965	56.9	1.34783e-05	4.87752	0.177146	8	0.00127343	0.00234791	0.000641691	0.000830556	0.00150488	0.0010421	0		identifiable	capability
T2	62	Binocular rivalry adaptation	4	0	IC-1 (ODEBench held-out IC)	4	4	4	True	236.537	4.29639	5.86252	88.4844	1.8732	0.191054	8	5.5259	0.905616	0.916804	10.6347	7.58678	7.58558	0		identifiable	capability
T2	62	Binocular rivalry adaptation	4	1	box IC 0	4	4	4	True	197.323	4.30347	3.31091	73.9909	0.943775	0.0669771	8	3.59108	9.53625	0.474785	6.52377	0.943134	0.477473	0		identifiable	capability
T2	62	Binocular rivalry adaptation	4	2	box IC 1	4	4	4	True	196.518	4.30364	7.41479	34.7499	2.35657	0.109348	8	0.619739	1.37093	0.251246	0.546539	0.503666	0.426315	0		identifiable	capability
T2	62	Binocular rivalry adaptation	4	3	box IC 2	4	4	4	True	325.561	4.28469	7.75047	80.5319	2.94464	0.486866	8	2.35962	1.05696	0.392689	0.975316	6.24354	3.1296	0		identifiable	capability
T2	62	Binocular rivalry adaptation	4	4	box IC 3	4	4	4	True	143.295	4.31683	9.34379	22.854	2.89031	0.177477	8	3.85971	1.09045	0.941738	0.824123	8.98834	7.45392	0		identifiable	capability
T2	62	Binocular rivalry adaptation	4	5	box IC 4	4	4	4	True	157.617	4.31273	5.20828	32.9806	1.23088	0.0675515	8	inf	1.19836	0.448729	8.98574	nan	0.348506	1	lm status 0 (The maximum number of function evaluations is exceeded.)	identifiable	capability
T2	62	Binocular rivalry adaptation	4	6	box IC 5	4	4	4	True	215.504	4.29999	8.05487	62.2841	2.80346	1.13519	8	6.57115	0.832572	0.351236	21.8599	8.38195	1.43015	0		identifiable	capability
T2	62	Binocular rivalry adaptation	4	7	box IC 6	4	4	4	True	346.767	4.28248	8.8798	86.9907	3.38845	0.600413	8	0.738065	1.13087	0.606073	0.820501	0.693707	0.43918	0		identifiable	capability
T2	62	Binocular rivalry adaptation	4	8	box IC 7	4	4	4	True	250.14	4.29427	7.55338	60.2447	2.59936	0.178814	8	2.07465	1.362	0.233707	7.93722	0.538007	0.302338	0		identifiable	capability
T2	62	Binocular rivalry adaptation	4	9	box IC 8	4	4	4	True	58.5827	4.3613	9.86595	4.73578	2.51212	0.965491	8	3.43779	0.694877	0.234814	15.0947	0.73586	0.428744	0		identifiable	capability
T2	62	Binocular rivalry adaptation	4	10	box IC 9	4	4	4	True	244.217	4.29518	8.92592	40.7315	3.17976	0.778694	8	3.09066	0.878284	0.556399	7.50313	6.04453	0.470934	0		identifiable	capability
T2	63	SEIR infection	3	0	IC-1 (ODEBench held-out IC)	3	3	3	True	45.0473	3.37684	4.06253	8.47072	0.993124	0.0451778	8	16.6008	34.5533	0.247835	0.102219	47.3344	0.766175	0		identifiable	capability
T3	MM	Michaelis-Menten (substrate observed)	3	0	substrate run S0 = 0.2	2	2	3	False	inf	2.07692	8.56679	34535.8	0.0141316	0.0791466	8	0.0152809	0.0118916	0.00364753	0.00761467	0.0184837	0.034767	0		structurally_non_identifiable	design_within_class
T3	MM	Michaelis-Menten (substrate observed)	3	1	substrate run S0 = 0.334	2	2	3	False	inf	2.07692	8.61017	34535.8	0.0357895	0.0751723	8	0.0155286	0.0106246	0.00556734	0.00713513	0.0198772	0.0344389	0		structurally_non_identifiable	design_within_class
T3	MM	Michaelis-Menten (substrate observed)	3	2	substrate run S0 = 0.557	2	2	3	False	inf	2.07692	8.70662	34535.8	0.0839487	0.069005	8	0.0155893	0.00946443	0.00797152	0.00611144	0.0211238	0.0332755	0		structurally_non_identifiable	design_within_class
T3	MM	Michaelis-Menten (substrate observed)	3	3	substrate run S0 = 0.928	2	2	3	False	inf	2.07692	8.88531	34535.8	0.173183	0.0599249	8	0.0151591	0.00928582	0.0100586	0.00442487	0.0211367	0.0308898	0		structurally_non_identifiable	design_within_class
T3	MM	Michaelis-Menten (substrate observed)	3	4	substrate run S0 = 1.55	2	2	3	False	inf	2.07692	9.13219	34535.8	0.296512	0.0473536	8	0.0140777	0.0110299	0.0102431	0.00250046	0.0187107	0.0279042	0		structurally_non_identifiable	design_within_class
T3	MM	Michaelis-Menten (substrate observed)	3	5	substrate run S0 = 2.58	2	2	3	False	inf	2.07692	9.34744	34535.8	0.404093	0.0316722	8	0.0125762	0.0157888	0.00609775	0.00125214	0.0135805	0.0261618	0		structurally_non_identifiable	design_within_class
T3	MM	Michaelis-Menten (substrate observed)	3	6	substrate run S0 = 4.31	2	2	3	False	inf	2.07692	9.62693	34535.8	0.543867	0.0183991	8	0.011564	0.0210928	0.00318857	0.00184006	0.00746398	0.0242344	0		structurally_non_identifiable	design_within_class
T3	MM	Michaelis-Menten (substrate observed)	3	7	substrate run S0 = 7.19	2	2	3	False	inf	2.07692	11.3513	34535.8	1.4058	0.0228009	8	0.0046728	0.00215116	0.000732905	0.00126162	0.00616859	0.0130497	0		structurally_non_identifiable	design_within_class
T3	MM	Michaelis-Menten (substrate observed)	3	8	substrate run S0 = 12	2	2	3	False	inf	2.07692	13.7603	34535.8	2.61013	0.0393062	8	0.00373317	0.00125001	0.00131874	0.00311953	0.00707416	0.0059034	0		structurally_non_identifiable	design_within_class
T3	MM	Michaelis-Menten (substrate observed)	3	9	substrate run S0 = 20	2	2	3	False	inf	2.07692	15.2375	34535.8	3.34873	0.0504076	8	0.00282817	0.00503768	0.00195133	8.03433e-05	0.00435385	0.00271766	0		structurally_non_identifiable	design_within_class
T3	MM	Michaelis-Menten (substrate observed)	3	10	E0 assay (direct enzyme measurement)	2	3	3	True	22.9388	3.42363	27.5054	0.00198128	4.25877	0.829029	8	0.0168432	0.0178746	0.00531956	0.00680742	0.0249944	0.0292202	0		structurally_non_identifiable	design_within_class
T3	PK	Oral one-compartment PK	4	0	oral, 4x denser sampling (96 pts, 24 h)	3	3	4	False	inf	3.07692	28.2604	15571	2.46231	0.0533797	8	0.00241395	0.00415983	0.00295746	0.000761436	0.00141089	0.00278011	0		structurally_non_identifiable	change_class
T3	PK	Oral one-compartment PK	4	1	oral, 72 h window (48 pts)	3	3	4	False	inf	3.07692	24.8687	15571	0.766467	0.0380589	8	0.00417004	0.00683942	0.00224557	0.00470161	0.00208075	0.00498288	0		structurally_non_identifiable	change_class
T3	PK	Oral one-compartment PK	4	2	oral + intravenous arm (24 + 24 pts)	3	4	4	True	8.42074	4.51939	49.8522	4.27119e-05	8.43161	4.15109	8	0.00257736	0.00142734	0.0030222	0.00260417	0.00154813	0.00428497	0		structurally_non_identifiable	change_class
T3	SEQ	Sequence ansatz log f = log th0 + th1 log n + n log th2	3	0	narrow window n = [400, 401, 402]	2	2	3	False	inf	2.07692	21.948	3.44061	0.399033	7.12282	8	0.840517	0.426266	0.78374	1.13778	0.866986	0.987816	0		structurally_non_identifiable	design_within_class
T3	SEQ	Sequence ansatz log f = log th0 + th1 log n + n log th2	3	1	geometric spread n = [2, 5, 20, 100, 400]	2	3	3	True	357024	3.15261	32.41	1.87401	5.33698	3.01899	8	2.60976	0.153768	0.468994	3.77068	3.22327	5.4321	0		structurally_non_identifiable	design_within_class
T3	ALIEN	Alien amplitude A = beta * product^p	2	0	single product [1]	1	1	2	False	inf	1.07692	-3.91202	1e+06	0.346549	0.00999899	8	0.00529548	0.00374235	0.006922	0.00579504	0.00756128	0.00245675	0		structurally_non_identifiable	design_within_class
T3	ALIEN	Alien amplitude A = beta * product^p	2	1	two distinct products [1, 2]	1	2	2	True	3.77583	2.63411	19.7671	0.000206103	5.27843	0.84598	8	0.00655599	0.00487052	0.00725059	0.00553085	0.0132001	0.00192785	0		structurally_non_identifiable	design_within_class
